{
  "type": "FeatureCollection",
  "generator": "overpass-turbo",
  "copyright": "The data included in this document is from www.openstreetmap.org. The data is made available under ODbL.",
  "timestamp": "2025-12-05T17:37:08Z",
  "features": [
    {
      "type": "Feature",
      "properties": {
        "@id": "relation/10156177",
        "amenity": "police",
        "building": "yes",
        "name": "آرٹلری میدان اسٹیشن",
        "name:en": "Artillery Maidan Station",
        "name:ur": "آرٹلری میدان اسٹیشن",
        "type": "multipolygon",
        "@geometry": "center"
      },
      "geometry": {
        "type": "Point",
        "coordinates": [
          67.0233786,
          24.8519969
        ]
      },
      "id": "relation/10156177"
    },
    {
      "type": "Feature",
      "properties": {
        "@id": "relation/14521973",
        "addr:street": "National Highway",
        "amenity": "police",
        "building": "yes",
        "name": "Hatri Police Station",
        "type": "multipolygon",
        "@geometry": "center"
      },
      "geometry": {
        "type": "Point",
        "coordinates": [
          68.3862595,
          25.452233
        ]
      },
      "id": "relation/14521973"
    },
    {
      "type": "Feature",
      "properties": {
        "@id": "way/21746986",
        "addr:city": "اسلام آباد",
        "addr:city:ar": "إسلام آباد",
        "addr:city:en": "Islamabad",
        "addr:city:ks": "اِسلام آبادٖ",
        "addr:city:pnb": "اسلام آباد",
        "addr:city:ps": "اسلام آباد",
        "addr:city:sd": "اسلام آباد",
        "addr:city:ur": "اسلام آباد",
        "addr:street": "Street 11A",
        "amenity": "police",
        "area": "yes",
        "name": "Shalimar Police Station",
        "@geometry": "center"
      },
      "geometry": {
        "type": "Point",
        "coordinates": [
          72.9999298,
          33.6939141
        ]
      },
      "id": "way/21746986"
    },
    {
      "type": "Feature",
      "properties": {
        "@id": "way/23626682",
        "addr:city": "اسلام آباد",
        "addr:city:ar": "إسلام آباد",
        "addr:city:en": "Islamabad",
        "addr:city:ks": "اِسلام آبادٖ",
        "addr:city:pnb": "اسلام آباد",
        "addr:city:ps": "اسلام آباد",
        "addr:city:sd": "اسلام آباد",
        "addr:city:ur": "اسلام آباد",
        "addr:street": "Street 92",
        "amenity": "police",
        "building": "yes",
        "name": "Aabpara Police Station",
        "@geometry": "center"
      },
      "geometry": {
        "type": "Point",
        "coordinates": [
          73.0843285,
          33.7176489
        ]
      },
      "id": "way/23626682"
    },
    {
      "type": "Feature",
      "properties": {
        "@id": "way/23647282",
        "addr:city": "اسلام آباد",
        "addr:city:ar": "إسلام آباد",
        "addr:city:en": "Islamabad",
        "addr:city:ks": "اِسلام آبادٖ",
        "addr:city:pnb": "اسلام آباد",
        "addr:city:ps": "اسلام آباد",
        "addr:city:sd": "اسلام آباد",
        "addr:city:ur": "اسلام آباد",
        "addr:street": "Constitution Avenue",
        "amenity": "courthouse",
        "building": "yes",
        "name": "Supreme Court of Pakistan",
        "wikidata": "Q15983525",
        "@geometry": "center"
      },
      "geometry": {
        "type": "Point",
        "coordinates": [
          73.0984316,
          33.7277409
        ]
      },
      "id": "way/23647282"
    },
    {
      "type": "Feature",
      "properties": {
        "@id": "way/72502508",
        "amenity": "police",
        "building": "yes",
        "building_ref": "Yahoo aerial imagery",
        "name": "Sukkur High Court",
        "@geometry": "center"
      },
      "geometry": {
        "type": "Point",
        "coordinates": [
          68.8498048,
          27.6949472
        ]
      },
      "id": "way/72502508"
    },
    {
      "type": "Feature",
      "properties": {
        "@id": "way/72650937",
        "amenity": "police",
        "building": "yes",
        "building_ref": "Yahoo aerial imagery",
        "name": "C Section Police",
        "@geometry": "center"
      },
      "geometry": {
        "type": "Point",
        "coordinates": [
          68.8793314,
          27.7024121
        ]
      },
      "id": "way/72650937"
    },
    {
      "type": "Feature",
      "properties": {
        "@id": "way/94849629",
        "addr:city": "حیدرآباد",
        "addr:city:en": "Hyderabad",
        "addr:city:fr": "Hyderâbâd",
        "addr:city:pa": "ਹੈਦਰਾਬਾਦ",
        "addr:city:ur": "حیدرآباد",
        "addr:street": "Sydena Tahir Saifuddin Road",
        "amenity": "police",
        "building": "yes",
        "name": "Cantt Police Station",
        "@geometry": "center"
      },
      "geometry": {
        "type": "Point",
        "coordinates": [
          68.3638084,
          25.3926419
        ]
      },
      "id": "way/94849629"
    },
    {
      "type": "Feature",
      "properties": {
        "@id": "way/94849837",
        "addr:city": "Karachi",
        "addr:street": "CMH road",
        "amenity": "courthouse",
        "building": "yes",
        "name": "Family Court",
        "@geometry": "center"
      },
      "geometry": {
        "type": "Point",
        "coordinates": [
          68.3654633,
          25.3860041
        ]
      },
      "id": "way/94849837"
    },
    {
      "type": "Feature",
      "properties": {
        "@id": "way/95482833",
        "addr:city": "حیدرآباد",
        "addr:city:en": "Hyderabad",
        "addr:city:fr": "Hyderâbâd",
        "addr:city:pa": "ਹੈਦਰਾਬਾਦ",
        "addr:city:ur": "حیدرآباد",
        "addr:street": "Autobhan Road",
        "amenity": "police",
        "building": "yes",
        "@geometry": "center"
      },
      "geometry": {
        "type": "Point",
        "coordinates": [
          68.3439427,
          25.3764787
        ]
      },
      "id": "way/95482833"
    },
    {
      "type": "Feature",
      "properties": {
        "@id": "way/96687086",
        "amenity": "police",
        "building": "yes",
        "@geometry": "center"
      },
      "geometry": {
        "type": "Point",
        "coordinates": [
          68.368529,
          25.3911495
        ]
      },
      "id": "way/96687086"
    },
    {
      "type": "Feature",
      "properties": {
        "@id": "way/154262441",
        "amenity": "police",
        "name": "Shehzad Town Police Station",
        "@geometry": "center"
      },
      "geometry": {
        "type": "Point",
        "coordinates": [
          73.1605032,
          33.6489806
        ]
      },
      "id": "way/154262441"
    },
    {
      "type": "Feature",
      "properties": {
        "@id": "way/158533817",
        "amenity": "police",
        "name": "Police Station Special Branch",
        "@geometry": "center"
      },
      "geometry": {
        "type": "Point",
        "coordinates": [
          73.0694132,
          33.7038351
        ]
      },
      "id": "way/158533817"
    },
    {
      "type": "Feature",
      "properties": {
        "@id": "way/182024736",
        "addr:city": "ملتان",
        "amenity": "police",
        "name": "Kotwali Police Station",
        "@geometry": "center"
      },
      "geometry": {
        "type": "Point",
        "coordinates": [
          71.4695105,
          30.2004574
        ]
      },
      "id": "way/182024736"
    },
    {
      "type": "Feature",
      "properties": {
        "@id": "way/182024772",
        "amenity": "police",
        "building": "yes",
        "name": "تھانہ",
        "name:ar": "قسم الأمن",
        "name:ur": "تھانہ",
        "@geometry": "center"
      },
      "geometry": {
        "type": "Point",
        "coordinates": [
          71.4694765,
          30.1895285
        ]
      },
      "id": "way/182024772"
    },
    {
      "type": "Feature",
      "properties": {
        "@id": "way/192220853",
        "amenity": "police",
        "source": "Physical suvey -- SaafPindi",
        "@geometry": "center"
      },
      "geometry": {
        "type": "Point",
        "coordinates": [
          73.0946023,
          33.6419517
        ]
      },
      "id": "way/192220853"
    },
    {
      "type": "Feature",
      "properties": {
        "@id": "way/229702482",
        "amenity": "police",
        "building": "yes",
        "name": "Patrolling Police Check Post",
        "@geometry": "center"
      },
      "geometry": {
        "type": "Point",
        "coordinates": [
          72.7298896,
          32.1112391
        ]
      },
      "id": "way/229702482"
    },
    {
      "type": "Feature",
      "properties": {
        "@id": "way/230432963",
        "amenity": "police",
        "name": "ADIALA JAIL",
        "@geometry": "center"
      },
      "geometry": {
        "type": "Point",
        "coordinates": [
          73.0402811,
          33.4874906
        ]
      },
      "id": "way/230432963"
    },
    {
      "type": "Feature",
      "properties": {
        "@id": "way/232634702",
        "amenity": "police",
        "area": "yes",
        "building": "yes",
        "building:use": "government",
        "name": "Office General Manager Motorway Kalar Kahar",
        "@geometry": "center"
      },
      "geometry": {
        "type": "Point",
        "coordinates": [
          72.7164088,
          32.7693413
        ]
      },
      "id": "way/232634702"
    },
    {
      "type": "Feature",
      "properties": {
        "@id": "way/233496302",
        "amenity": "police",
        "area": "yes",
        "building": "yes",
        "building:use": "government",
        "name": "Motorway Police Information Centre",
        "operator": "Zimbabwe Republic Police",
        "@geometry": "center"
      },
      "geometry": {
        "type": "Point",
        "coordinates": [
          73.5688708,
          31.906579
        ]
      },
      "id": "way/233496302"
    },
    {
      "type": "Feature",
      "properties": {
        "@id": "way/237723925",
        "amenity": "police",
        "building": "yes",
        "@geometry": "center"
      },
      "geometry": {
        "type": "Point",
        "coordinates": [
          72.7559436,
          33.7705112
        ]
      },
      "id": "way/237723925"
    },
    {
      "type": "Feature",
      "properties": {
        "@id": "way/238397406",
        "amenity": "police",
        "building": "yes",
        "@geometry": "center"
      },
      "geometry": {
        "type": "Point",
        "coordinates": [
          73.0498094,
          33.5993383
        ]
      },
      "id": "way/238397406"
    },
    {
      "type": "Feature",
      "properties": {
        "@id": "way/239870393",
        "addr:city": "Rawalpindi, Punjab, Pakistan",
        "addr:street": "Airport Road",
        "amenity": "police",
        "name": "Women police station",
        "operator": "Punjab Police",
        "@geometry": "center"
      },
      "geometry": {
        "type": "Point",
        "coordinates": [
          73.0750395,
          33.5870821
        ]
      },
      "id": "way/239870393"
    },
    {
      "type": "Feature",
      "properties": {
        "@id": "way/245531426",
        "amenity": "police",
        "area": "yes",
        "building": "yes",
        "building:use": "government",
        "check_date": "2025-11-29",
        "name": "Motorway Police Information Centre",
        "operator": "Zimbabwe Republic Police",
        "source": "bing",
        "@geometry": "center"
      },
      "geometry": {
        "type": "Point",
        "coordinates": [
          72.7184783,
          32.76813
        ]
      },
      "id": "way/245531426"
    },
    {
      "type": "Feature",
      "properties": {
        "@id": "node/254665431",
        "addr:city": "اسلام آباد",
        "addr:city:ar": "إسلام آباد",
        "addr:city:en": "Islamabad",
        "addr:city:ks": "اِسلام آبادٖ",
        "addr:city:pnb": "اسلام آباد",
        "addr:city:ps": "اسلام آباد",
        "addr:city:sd": "اسلام آباد",
        "addr:city:ur": "اسلام آباد",
        "addr:street": "Bhitai Road",
        "amenity": "police",
        "name": "تھانہ کوہسار",
        "name:en": "Kohsar Police Station"
      },
      "geometry": {
        "type": "Point",
        "coordinates": [
          73.0603342,
          33.7220678
        ]
      },
      "id": "node/254665431"
    },
    {
      "type": "Feature",
      "properties": {
        "@id": "node/255913888",
        "addr:city": "اسلام آباد",
        "addr:city:ar": "إسلام آباد",
        "addr:city:en": "Islamabad",
        "addr:city:ks": "اِسلام آبادٖ",
        "addr:city:pnb": "اسلام آباد",
        "addr:city:ps": "اسلام آباد",
        "addr:city:sd": "اسلام آباد",
        "addr:city:ur": "اسلام آباد",
        "addr:street": "Service Road East G8",
        "amenity": "police",
        "name": "Rescue 15"
      },
      "geometry": {
        "type": "Point",
        "coordinates": [
          73.0597372,
          33.6994994
        ]
      },
      "id": "node/255913888"
    },
    {
      "type": "Feature",
      "properties": {
        "@id": "node/256071139",
        "addr:city": "راولپنڈی",
        "addr:city:en": "Rawalpindi",
        "addr:city:fr": "Rawalpindi",
        "addr:city:pa": "ਰਾਵਲਪਿੰਡੀ",
        "addr:city:pnb": "راولپنڈی",
        "addr:city:ur": "راولپنڈی",
        "amenity": "courthouse",
        "building": "yes",
        "name": "District Courts"
      },
      "geometry": {
        "type": "Point",
        "coordinates": [
          73.0660803,
          33.5845181
        ]
      },
      "id": "node/256071139"
    },
    {
      "type": "Feature",
      "properties": {
        "@id": "way/256576289",
        "addr:city": "Mandra",
        "addr:street": "GT ROAD",
        "amenity": "police",
        "building": "yes",
        "name": "Mandra Police Station",
        "@geometry": "center"
      },
      "geometry": {
        "type": "Point",
        "coordinates": [
          73.2391656,
          33.3680613
        ]
      },
      "id": "way/256576289"
    },
    {
      "type": "Feature",
      "properties": {
        "@id": "way/257325835",
        "addr:street": "Grand Trunk Road",
        "amenity": "police",
        "building": "yes",
        "name": "Rawat Plice Station",
        "@geometry": "center"
      },
      "geometry": {
        "type": "Point",
        "coordinates": [
          73.2278921,
          33.4406421
        ]
      },
      "id": "way/257325835"
    },
    {
      "type": "Feature",
      "properties": {
        "@id": "way/258519479",
        "amenity": "police",
        "name": "Police Station Gujar Khan",
        "@geometry": "center"
      },
      "geometry": {
        "type": "Point",
        "coordinates": [
          73.3039523,
          33.2558704
        ]
      },
      "id": "way/258519479"
    },
    {
      "type": "Feature",
      "properties": {
        "@id": "way/259242719",
        "addr:city": "Kallar Syyedan",
        "addr:street": "Kallar Syedan - Thoha Road",
        "amenity": "police",
        "building": "yes",
        "name": "Police Station Kallar Syedan",
        "operator": "Punjab Police",
        "@geometry": "center"
      },
      "geometry": {
        "type": "Point",
        "coordinates": [
          73.3813396,
          33.4219468
        ]
      },
      "id": "way/259242719"
    },
    {
      "type": "Feature",
      "properties": {
        "@id": "way/261406928",
        "amenity": "police",
        "building": "yes",
        "@geometry": "center"
      },
      "geometry": {
        "type": "Point",
        "coordinates": [
          72.681377,
          33.8209593
        ]
      },
      "id": "way/261406928"
    },
    {
      "type": "Feature",
      "properties": {
        "@id": "way/263788118",
        "addr:city": "اسلام آباد",
        "addr:city:ar": "إسلام آباد",
        "addr:city:en": "Islamabad",
        "addr:city:ks": "اِسلام آبادٖ",
        "addr:city:pnb": "اسلام آباد",
        "addr:city:ps": "اسلام آباد",
        "addr:city:sd": "اسلام آباد",
        "addr:city:ur": "اسلام آباد",
        "addr:street": "Rehman Baba Road",
        "amenity": "police",
        "name": "Women Police Station",
        "@geometry": "center"
      },
      "geometry": {
        "type": "Point",
        "coordinates": [
          73.0697622,
          33.7051572
        ]
      },
      "id": "way/263788118"
    },
    {
      "type": "Feature",
      "properties": {
        "@id": "way/266653614",
        "amenity": "police",
        "building": "no",
        "name": "Diplomatic Enclave Entry",
        "operator": "Checkpoint",
        "@geometry": "center"
      },
      "geometry": {
        "type": "Point",
        "coordinates": [
          73.1116286,
          33.7302941
        ]
      },
      "id": "way/266653614"
    },
    {
      "type": "Feature",
      "properties": {
        "@id": "way/266653616",
        "amenity": "police",
        "building": "no",
        "name": "Diplomatic Enclave Entry",
        "operator": "Checkpoint",
        "@geometry": "center"
      },
      "geometry": {
        "type": "Point",
        "coordinates": [
          73.1035461,
          33.7193544
        ]
      },
      "id": "way/266653616"
    },
    {
      "type": "Feature",
      "properties": {
        "@id": "way/266653617",
        "amenity": "police",
        "building": "no",
        "name": "Diplomatic Enclave Exit",
        "operator": "Checkpoint",
        "@geometry": "center"
      },
      "geometry": {
        "type": "Point",
        "coordinates": [
          73.1039439,
          33.7194491
        ]
      },
      "id": "way/266653617"
    },
    {
      "type": "Feature",
      "properties": {
        "@id": "way/269845931",
        "amenity": "police",
        "building": "yes",
        "name": "Police Station DType Colony",
        "@geometry": "center"
      },
      "geometry": {
        "type": "Point",
        "coordinates": [
          73.0794375,
          31.3853525
        ]
      },
      "id": "way/269845931"
    },
    {
      "type": "Feature",
      "properties": {
        "@id": "node/271075820",
        "amenity": "police",
        "name": "DHA Police Station"
      },
      "geometry": {
        "type": "Point",
        "coordinates": [
          74.3940519,
          31.4740904
        ]
      },
      "id": "node/271075820"
    },
    {
      "type": "Feature",
      "properties": {
        "@id": "node/271790194",
        "addr:city": "اسلام آباد",
        "addr:city:ar": "إسلام آباد",
        "addr:city:en": "Islamabad",
        "addr:city:ks": "اِسلام آبادٖ",
        "addr:city:pnb": "اسلام آباد",
        "addr:city:ps": "اسلام آباد",
        "addr:city:sd": "اسلام آباد",
        "addr:city:ur": "اسلام آباد",
        "addr:street": "Kaghan Road",
        "amenity": "police",
        "name": "Margalla Police Station"
      },
      "geometry": {
        "type": "Point",
        "coordinates": [
          73.0403645,
          33.7092748
        ]
      },
      "id": "node/271790194"
    },
    {
      "type": "Feature",
      "properties": {
        "@id": "way/273455700",
        "amenity": "police",
        "building": "yes",
        "name": "Police Chowki",
        "@geometry": "center"
      },
      "geometry": {
        "type": "Point",
        "coordinates": [
          69.0578252,
          28.1341425
        ]
      },
      "id": "way/273455700"
    },
    {
      "type": "Feature",
      "properties": {
        "@id": "way/279287870",
        "name": "SUB Ordinate Courts Building Kandhkot",
        "office": "lawyer",
        "@geometry": "center"
      },
      "geometry": {
        "type": "Point",
        "coordinates": [
          69.1770576,
          28.2478219
        ]
      },
      "id": "way/279287870"
    },
    {
      "type": "Feature",
      "properties": {
        "@id": "way/279287883",
        "amenity": "police",
        "building": "yes",
        "name": "15 Helpline",
        "@geometry": "center"
      },
      "geometry": {
        "type": "Point",
        "coordinates": [
          69.1805056,
          28.2420732
        ]
      },
      "id": "way/279287883"
    },
    {
      "type": "Feature",
      "properties": {
        "@id": "way/280782828",
        "addr:city": "sayedwala purana",
        "amenity": "police",
        "building": "yes",
        "@geometry": "center"
      },
      "geometry": {
        "type": "Point",
        "coordinates": [
          73.5014834,
          31.1273514
        ]
      },
      "id": "way/280782828"
    },
    {
      "type": "Feature",
      "properties": {
        "@id": "way/284317470",
        "addr:city": "Jatli",
        "addr:street": "Mandra Chakwal Road",
        "amenity": "police",
        "building": "yes",
        "ele": "8",
        "name": "Police Station Jatli",
        "operator": "SHO",
        "@geometry": "center"
      },
      "geometry": {
        "type": "Point",
        "coordinates": [
          73.1062134,
          33.2100926
        ]
      },
      "id": "way/284317470"
    },
    {
      "type": "Feature",
      "properties": {
        "@id": "way/285940226",
        "addr:city": "Mandra",
        "addr:street": "GT ROAD",
        "amenity": "police",
        "building": "yes",
        "name": "Beat 5",
        "operator": "Pakistan Motorway Police",
        "@geometry": "center"
      },
      "geometry": {
        "type": "Point",
        "coordinates": [
          73.2224859,
          33.4067097
        ]
      },
      "id": "way/285940226"
    },
    {
      "type": "Feature",
      "properties": {
        "@id": "way/286017836",
        "addr:city": "Sukkho Mor",
        "addr:street": "Mandra Chakwal Road",
        "amenity": "police",
        "building": "yes",
        "name": "Police Chowki Sukkho",
        "opening_hours": "24/7",
        "operator": "Punjab Police",
        "@geometry": "center"
      },
      "geometry": {
        "type": "Point",
        "coordinates": [
          73.1551333,
          33.2679757
        ]
      },
      "id": "way/286017836"
    },
    {
      "type": "Feature",
      "properties": {
        "@id": "way/286018124",
        "addr:city": "Dhudial",
        "addr:street": "Mandra Chakwal Road",
        "amenity": "police",
        "building": "yes",
        "name": "Police Station Dhudial",
        "operator": "Chakwal Police",
        "@geometry": "center"
      },
      "geometry": {
        "type": "Point",
        "coordinates": [
          72.9626589,
          33.0564105
        ]
      },
      "id": "way/286018124"
    },
    {
      "type": "Feature",
      "properties": {
        "@id": "way/286018248",
        "addr:city": "Chakwal",
        "addr:street": "Chakwal Talagang Rd",
        "amenity": "police",
        "building": "yes",
        "name": "Police Station City",
        "operator": "Punjab Police",
        "website": "http://www.chakwalpoint.com/Home/",
        "wikipedia": "en:Chakwal",
        "@geometry": "center"
      },
      "geometry": {
        "type": "Point",
        "coordinates": [
          72.862532,
          32.932375
        ]
      },
      "id": "way/286018248"
    },
    {
      "type": "Feature",
      "properties": {
        "@id": "way/286045184",
        "addr:city": "راولپنڈی",
        "addr:city:en": "Rawalpindi",
        "addr:city:fr": "Rawalpindi",
        "addr:city:pa": "ਰਾਵਲਪਿੰਡੀ",
        "addr:city:pnb": "راولپنڈی",
        "addr:city:ur": "راولپنڈی",
        "addr:street": "Grand Trunk Road",
        "amenity": "police",
        "building": "yes",
        "name": "Motorway Police North Zone",
        "operator": "Pakistan Motorway Police",
        "website": "https://nhmp.gov.pk",
        "@geometry": "center"
      },
      "geometry": {
        "type": "Point",
        "coordinates": [
          72.9387649,
          33.630736
        ]
      },
      "id": "way/286045184"
    },
    {
      "type": "Feature",
      "properties": {
        "@id": "way/286071065",
        "addr:street": "Daulatala Road",
        "amenity": "police",
        "building": "yes",
        "name": "Highway patrol",
        "@geometry": "center"
      },
      "geometry": {
        "type": "Point",
        "coordinates": [
          73.19059,
          33.1099738
        ]
      },
      "id": "way/286071065"
    },
    {
      "type": "Feature",
      "properties": {
        "@id": "way/286385305",
        "amenity": "police",
        "building": "yes",
        "@geometry": "center"
      },
      "geometry": {
        "type": "Point",
        "coordinates": [
          70.6424812,
          30.7018644
        ]
      },
      "id": "way/286385305"
    },
    {
      "type": "Feature",
      "properties": {
        "@id": "way/286515377",
        "addr:city": "Sohawa",
        "addr:street": "Grand Trunk Road",
        "amenity": "police",
        "building": "yes",
        "name": "Police Station Sohawa",
        "@geometry": "center"
      },
      "geometry": {
        "type": "Point",
        "coordinates": [
          73.4261889,
          33.1291441
        ]
      },
      "id": "way/286515377"
    },
    {
      "type": "Feature",
      "properties": {
        "@id": "way/286515447",
        "addr:city": "Sohawa",
        "addr:street": "Grand Trunk Road",
        "amenity": "courthouse",
        "name": "Sohawa Courts",
        "@geometry": "center"
      },
      "geometry": {
        "type": "Point",
        "coordinates": [
          73.4329917,
          33.1253424
        ]
      },
      "id": "way/286515447"
    },
    {
      "type": "Feature",
      "properties": {
        "@id": "way/287855589",
        "building": "yes",
        "name": "Session Court",
        "office": "lawyer",
        "@geometry": "center"
      },
      "geometry": {
        "type": "Point",
        "coordinates": [
          71.5625981,
          34.0141926
        ]
      },
      "id": "way/287855589"
    },
    {
      "type": "Feature",
      "properties": {
        "@id": "node/297480806",
        "amenity": "courthouse",
        "name": "New Session Court"
      },
      "geometry": {
        "type": "Point",
        "coordinates": [
          72.9353136,
          33.9944596
        ]
      },
      "id": "node/297480806"
    },
    {
      "type": "Feature",
      "properties": {
        "@id": "node/297482850",
        "amenity": "police",
        "name": "Police Station Haripur"
      },
      "geometry": {
        "type": "Point",
        "coordinates": [
          72.9358176,
          33.9991265
        ]
      },
      "id": "node/297482850"
    },
    {
      "type": "Feature",
      "properties": {
        "@id": "way/299601102",
        "amenity": "police",
        "building": "yes",
        "name": "Narang Mandi Police Station",
        "@geometry": "center"
      },
      "geometry": {
        "type": "Point",
        "coordinates": [
          74.5128759,
          31.9046425
        ]
      },
      "id": "way/299601102"
    },
    {
      "type": "Feature",
      "properties": {
        "@id": "way/303129852",
        "addr:city": "barnala",
        "amenity": "police",
        "building": "yes",
        "name": "Barnala Police Station",
        "@geometry": "center"
      },
      "geometry": {
        "type": "Point",
        "coordinates": [
          74.2508485,
          32.869003
        ]
      },
      "id": "way/303129852"
    },
    {
      "type": "Feature",
      "properties": {
        "@id": "way/304236453",
        "addr:city": "Abbottabad",
        "addr:place": "Mangal Chinnar",
        "addr:street": "Karakoram Highway",
        "amenity": "police",
        "building": "yes",
        "name": "Mangal Police Station",
        "@geometry": "center"
      },
      "geometry": {
        "type": "Point",
        "coordinates": [
          73.2353595,
          34.252685
        ]
      },
      "id": "way/304236453"
    },
    {
      "type": "Feature",
      "properties": {
        "@id": "way/304927920",
        "amenity": "courthouse",
        "building": "yes",
        "@geometry": "center"
      },
      "geometry": {
        "type": "Point",
        "coordinates": [
          73.4637865,
          34.3465677
        ]
      },
      "id": "way/304927920"
    },
    {
      "type": "Feature",
      "properties": {
        "@id": "way/304927986",
        "amenity": "courthouse",
        "building": "yes",
        "name": "High Court AJ & K",
        "name:ur": "ہائی کورٹ آزاد جموں و کشمیر",
        "@geometry": "center"
      },
      "geometry": {
        "type": "Point",
        "coordinates": [
          73.4639521,
          34.3457409
        ]
      },
      "id": "way/304927986"
    },
    {
      "type": "Feature",
      "properties": {
        "@id": "way/319127713",
        "amenity": "police",
        "building": "yes",
        "name": "تھانہ",
        "name:ar": "قسم الأمن",
        "name:en": "Police Station",
        "name:ur": "تھانہ",
        "@geometry": "center"
      },
      "geometry": {
        "type": "Point",
        "coordinates": [
          71.9862767,
          34.0030303
        ]
      },
      "id": "way/319127713"
    },
    {
      "type": "Feature",
      "properties": {
        "@id": "way/319202931",
        "amenity": "police",
        "building": "yes",
        "name": "Police line - Noushera",
        "@geometry": "center"
      },
      "geometry": {
        "type": "Point",
        "coordinates": [
          71.9623508,
          34.0118322
        ]
      },
      "id": "way/319202931"
    },
    {
      "type": "Feature",
      "properties": {
        "@id": "way/320898452",
        "addr:city": "Lahore",
        "addr:street": "Circular Road",
        "amenity": "police",
        "name": "تھانہ رنگ محل",
        "name:ur": "تھانہ رنگ محل",
        "@geometry": "center"
      },
      "geometry": {
        "type": "Point",
        "coordinates": [
          74.3211251,
          31.5765833
        ]
      },
      "id": "way/320898452"
    },
    {
      "type": "Feature",
      "properties": {
        "@id": "way/331632721",
        "amenity": "police",
        "building": "yes",
        "name": "Police Lines",
        "@geometry": "center"
      },
      "geometry": {
        "type": "Point",
        "coordinates": [
          72.3628063,
          33.7756368
        ]
      },
      "id": "way/331632721"
    },
    {
      "type": "Feature",
      "properties": {
        "@id": "way/331634303",
        "amenity": "courthouse",
        "building": "yes",
        "name": "Attock District Courts / اٹک ڈسرکٹ کچھری",
        "@geometry": "center"
      },
      "geometry": {
        "type": "Point",
        "coordinates": [
          72.3618345,
          33.7729348
        ]
      },
      "id": "way/331634303"
    },
    {
      "type": "Feature",
      "properties": {
        "@id": "way/331634304",
        "addr:city": "Attock",
        "amenity": "police",
        "building": "yes",
        "name": "DPO  House",
        "operator": "Attock district Gov.",
        "@geometry": "center"
      },
      "geometry": {
        "type": "Point",
        "coordinates": [
          72.3634972,
          33.7734436
        ]
      },
      "id": "way/331634304"
    },
    {
      "type": "Feature",
      "properties": {
        "@id": "way/338587842",
        "addr:city": "Mardan",
        "addr:street": "Mall Road",
        "amenity": "police",
        "building": "yes",
        "name": "City Police Station",
        "@geometry": "center"
      },
      "geometry": {
        "type": "Point",
        "coordinates": [
          72.0376447,
          34.1952698
        ]
      },
      "id": "way/338587842"
    },
    {
      "type": "Feature",
      "properties": {
        "@id": "way/362731307",
        "amenity": "police",
        "building": "yes",
        "@geometry": "center"
      },
      "geometry": {
        "type": "Point",
        "coordinates": [
          74.2901957,
          31.4785527
        ]
      },
      "id": "way/362731307"
    },
    {
      "type": "Feature",
      "properties": {
        "@id": "way/364181672",
        "addr:city": "QAMBAR",
        "amenity": "police",
        "building": "yes",
        "name": "تھانہ",
        "name:ar": "قسم الأمن",
        "name:en": "Police Station",
        "name:ur": "تھانہ",
        "@geometry": "center"
      },
      "geometry": {
        "type": "Point",
        "coordinates": [
          68.0016912,
          27.5893221
        ]
      },
      "id": "way/364181672"
    },
    {
      "type": "Feature",
      "properties": {
        "@id": "way/364182157",
        "addr:city": "Kamber",
        "amenity": "police",
        "building": "yes",
        "name": "Police Station - kambar",
        "@geometry": "center"
      },
      "geometry": {
        "type": "Point",
        "coordinates": [
          68.002423,
          27.5925583
        ]
      },
      "id": "way/364182157"
    },
    {
      "type": "Feature",
      "properties": {
        "@id": "way/364185905",
        "addr:city": "Kambar",
        "amenity": "courthouse",
        "building": "yes",
        "name": "Kamber Session court",
        "@geometry": "center"
      },
      "geometry": {
        "type": "Point",
        "coordinates": [
          68.000079,
          27.5821239
        ]
      },
      "id": "way/364185905"
    },
    {
      "type": "Feature",
      "properties": {
        "@id": "way/364342863",
        "amenity": "police",
        "name": "Gulberg Police Station",
        "@geometry": "center"
      },
      "geometry": {
        "type": "Point",
        "coordinates": [
          67.0661774,
          24.9355132
        ]
      },
      "id": "way/364342863"
    },
    {
      "type": "Feature",
      "properties": {
        "@id": "way/364640785",
        "addr:city": "Khuzdar",
        "amenity": "police",
        "name": "تھانہ",
        "name:ar": "قسم الأمن",
        "name:en": "Police Station",
        "name:ur": "تھانہ",
        "@geometry": "center"
      },
      "geometry": {
        "type": "Point",
        "coordinates": [
          66.6123395,
          27.8063028
        ]
      },
      "id": "way/364640785"
    },
    {
      "type": "Feature",
      "properties": {
        "@id": "way/365523027",
        "amenity": "police",
        "building": "yes",
        "name": "تھانہ",
        "name:ar": "قسم الأمن",
        "name:en": "Police Station",
        "name:ur": "تھانہ",
        "@geometry": "center"
      },
      "geometry": {
        "type": "Point",
        "coordinates": [
          74.5360666,
          32.4888059
        ]
      },
      "id": "way/365523027"
    },
    {
      "type": "Feature",
      "properties": {
        "@id": "way/365527491",
        "amenity": "police",
        "building": "yes",
        "name": "Thana Nika Pura",
        "@geometry": "center"
      },
      "geometry": {
        "type": "Point",
        "coordinates": [
          74.5426159,
          32.4856568
        ]
      },
      "id": "way/365527491"
    },
    {
      "type": "Feature",
      "properties": {
        "@id": "way/366112648",
        "amenity": "police",
        "building": "no",
        "name": "Katchery Police Station",
        "@geometry": "center"
      },
      "geometry": {
        "type": "Point",
        "coordinates": [
          74.5332843,
          32.5064827
        ]
      },
      "id": "way/366112648"
    },
    {
      "type": "Feature",
      "properties": {
        "@id": "way/366112649",
        "amenity": "police",
        "name": "District Jail Sialkot",
        "@geometry": "center"
      },
      "geometry": {
        "type": "Point",
        "coordinates": [
          74.5306561,
          32.5059826
        ]
      },
      "id": "way/366112649"
    },
    {
      "type": "Feature",
      "properties": {
        "@id": "way/368021555",
        "amenity": "police",
        "name": "Central Jail",
        "@geometry": "center"
      },
      "geometry": {
        "type": "Point",
        "coordinates": [
          73.089681,
          30.6642661
        ]
      },
      "id": "way/368021555"
    },
    {
      "type": "Feature",
      "properties": {
        "@id": "way/371684121",
        "amenity": "police",
        "building": "yes",
        "name": "Sadar Police Station",
        "@geometry": "center"
      },
      "geometry": {
        "type": "Point",
        "coordinates": [
          72.5542191,
          29.6967231
        ]
      },
      "id": "way/371684121"
    },
    {
      "type": "Feature",
      "properties": {
        "@id": "way/371684122",
        "amenity": "courthouse",
        "building": "yes",
        "name": "Kathehri",
        "@geometry": "center"
      },
      "geometry": {
        "type": "Point",
        "coordinates": [
          72.5548575,
          29.6953718
        ]
      },
      "id": "way/371684122"
    },
    {
      "type": "Feature",
      "properties": {
        "@id": "way/371747430",
        "amenity": "courthouse",
        "building": "yes",
        "name": "Katchehri",
        "@geometry": "center"
      },
      "geometry": {
        "type": "Point",
        "coordinates": [
          72.864002,
          29.7984006
        ]
      },
      "id": "way/371747430"
    },
    {
      "type": "Feature",
      "properties": {
        "@id": "way/371747432",
        "amenity": "police",
        "building": "yes",
        "name": "Sadar Police Station",
        "@geometry": "center"
      },
      "geometry": {
        "type": "Point",
        "coordinates": [
          72.8630122,
          29.7982028
        ]
      },
      "id": "way/371747432"
    },
    {
      "type": "Feature",
      "properties": {
        "@id": "way/375036369",
        "amenity": "courthouse",
        "building": "yes",
        "name": "Katchehri",
        "@geometry": "center"
      },
      "geometry": {
        "type": "Point",
        "coordinates": [
          73.1403018,
          29.6126995
        ]
      },
      "id": "way/375036369"
    },
    {
      "type": "Feature",
      "properties": {
        "@id": "way/396693004",
        "amenity": "police",
        "@geometry": "center"
      },
      "geometry": {
        "type": "Point",
        "coordinates": [
          73.3582026,
          36.0735706
        ]
      },
      "id": "way/396693004"
    },
    {
      "type": "Feature",
      "properties": {
        "@id": "way/397246185",
        "amenity": "police",
        "name": "Police",
        "@geometry": "center"
      },
      "geometry": {
        "type": "Point",
        "coordinates": [
          74.3085378,
          35.9264116
        ]
      },
      "id": "way/397246185"
    },
    {
      "type": "Feature",
      "properties": {
        "@id": "way/397354500",
        "amenity": "police",
        "building": "yes",
        "name": "District Jail",
        "@geometry": "center"
      },
      "geometry": {
        "type": "Point",
        "coordinates": [
          68.4626143,
          28.2468107
        ]
      },
      "id": "way/397354500"
    },
    {
      "type": "Feature",
      "properties": {
        "@id": "way/397428731",
        "amenity": "police",
        "building": "yes",
        "name": "تھانہ",
        "name:ar": "قسم الأمن",
        "name:en": "Police Station",
        "name:ur": "تھانہ",
        "@geometry": "center"
      },
      "geometry": {
        "type": "Point",
        "coordinates": [
          74.701651,
          35.5365066
        ]
      },
      "id": "way/397428731"
    },
    {
      "type": "Feature",
      "properties": {
        "@id": "way/397653579",
        "addr:city": "tulamba",
        "amenity": "police",
        "building": "yes",
        "name": "tulamba police station",
        "@geometry": "center"
      },
      "geometry": {
        "type": "Point",
        "coordinates": [
          72.2376929,
          30.5247523
        ]
      },
      "id": "way/397653579"
    },
    {
      "type": "Feature",
      "properties": {
        "@id": "way/398458605",
        "amenity": "police",
        "name": "تھانہ",
        "name:ar": "قسم الأمن",
        "name:en": "Police Station",
        "name:ur": "تھانہ",
        "@geometry": "center"
      },
      "geometry": {
        "type": "Point",
        "coordinates": [
          73.4113512,
          36.2504732
        ]
      },
      "id": "way/398458605"
    },
    {
      "type": "Feature",
      "properties": {
        "@id": "way/398647013",
        "amenity": "police",
        "name": "تھانہ",
        "name:ar": "قسم الأمن",
        "name:en": "Police Station",
        "name:ur": "تھانہ",
        "@geometry": "center"
      },
      "geometry": {
        "type": "Point",
        "coordinates": [
          73.3301291,
          36.3778062
        ]
      },
      "id": "way/398647013"
    },
    {
      "type": "Feature",
      "properties": {
        "@id": "way/399009283",
        "amenity": "police",
        "name": "city police office",
        "oneway": "no",
        "@geometry": "center"
      },
      "geometry": {
        "type": "Point",
        "coordinates": [
          72.3583379,
          30.4407648
        ]
      },
      "id": "way/399009283"
    },
    {
      "type": "Feature",
      "properties": {
        "@id": "way/403434759",
        "amenity": "police",
        "building": "yes",
        "contact:phone": "05815-935024",
        "name": "پلیس اسٹیشن مہدی آباد",
        "@geometry": "center"
      },
      "geometry": {
        "type": "Point",
        "coordinates": [
          75.9423652,
          35.1555718
        ]
      },
      "id": "way/403434759"
    },
    {
      "type": "Feature",
      "properties": {
        "@id": "way/404004206",
        "amenity": "police",
        "building": "yes",
        "name": "تھانہ",
        "name:ar": "قسم الأمن",
        "name:en": "Police Station",
        "name:ur": "تھانہ",
        "@geometry": "center"
      },
      "geometry": {
        "type": "Point",
        "coordinates": [
          76.1858375,
          35.2476083
        ]
      },
      "id": "way/404004206"
    },
    {
      "type": "Feature",
      "properties": {
        "@id": "way/404741723",
        "amenity": "police",
        "building": "yes",
        "name": "Police Station Katlang",
        "@geometry": "center"
      },
      "geometry": {
        "type": "Point",
        "coordinates": [
          72.0763389,
          34.3565061
        ]
      },
      "id": "way/404741723"
    },
    {
      "type": "Feature",
      "properties": {
        "@id": "way/418427616",
        "amenity": "police",
        "building": "yes",
        "name": "Police Station Lundkhwar",
        "@geometry": "center"
      },
      "geometry": {
        "type": "Point",
        "coordinates": [
          71.9714762,
          34.3910062
        ]
      },
      "id": "way/418427616"
    },
    {
      "type": "Feature",
      "properties": {
        "@id": "way/432730421",
        "amenity": "police",
        "building": "yes",
        "name": "Police Line Ground",
        "@geometry": "center"
      },
      "geometry": {
        "type": "Point",
        "coordinates": [
          72.2638317,
          32.2696279
        ]
      },
      "id": "way/432730421"
    },
    {
      "type": "Feature",
      "properties": {
        "@id": "way/436809661",
        "amenity": "courthouse",
        "name": "بلوچستان ہائی کورٹ",
        "name:en": "Balochistan High Court",
        "name:pa": "ਬਲੋਚਿਸਤਾਨ ਹਾਈ ਕੋਰਟ",
        "name:ur": "بلوچستان ہائی کورٹ",
        "@geometry": "center"
      },
      "geometry": {
        "type": "Point",
        "coordinates": [
          67.0111006,
          30.2028931
        ]
      },
      "id": "way/436809661"
    },
    {
      "type": "Feature",
      "properties": {
        "@id": "way/439342115",
        "amenity": "police",
        "building": "yes",
        "name": "City / Sadar Police Station",
        "@geometry": "center"
      },
      "geometry": {
        "type": "Point",
        "coordinates": [
          74.2076804,
          32.6403536
        ]
      },
      "id": "way/439342115"
    },
    {
      "type": "Feature",
      "properties": {
        "@id": "way/443001312",
        "amenity": "police",
        "name": "Police Station Karianwala",
        "@geometry": "center"
      },
      "geometry": {
        "type": "Point",
        "coordinates": [
          74.2791614,
          32.749382
        ]
      },
      "id": "way/443001312"
    },
    {
      "type": "Feature",
      "properties": {
        "@id": "node/444597755",
        "amenity": "police"
      },
      "geometry": {
        "type": "Point",
        "coordinates": [
          74.6116645,
          36.3055527
        ]
      },
      "id": "node/444597755"
    },
    {
      "type": "Feature",
      "properties": {
        "@id": "way/446952238",
        "amenity": "police",
        "name": "Arifwala",
        "@geometry": "center"
      },
      "geometry": {
        "type": "Point",
        "coordinates": [
          73.0737213,
          30.2921408
        ]
      },
      "id": "way/446952238"
    },
    {
      "type": "Feature",
      "properties": {
        "@id": "way/447018035",
        "amenity": "police",
        "building": "yes",
        "name": "Police Station Makhdumpur Pahoran",
        "@geometry": "center"
      },
      "geometry": {
        "type": "Point",
        "coordinates": [
          72.0499882,
          30.4535417
        ]
      },
      "id": "way/447018035"
    },
    {
      "type": "Feature",
      "properties": {
        "@id": "way/451939567",
        "addr:city": "Chota Lahor",
        "amenity": "police",
        "building": "no",
        "name": "Police Station",
        "@geometry": "center"
      },
      "geometry": {
        "type": "Point",
        "coordinates": [
          72.3584198,
          34.0504056
        ]
      },
      "id": "way/451939567"
    },
    {
      "type": "Feature",
      "properties": {
        "@id": "way/451943110",
        "amenity": "police",
        "building": "yes",
        "name": "kabal thana",
        "@geometry": "center"
      },
      "geometry": {
        "type": "Point",
        "coordinates": [
          72.2876437,
          34.7924442
        ]
      },
      "id": "way/451943110"
    },
    {
      "type": "Feature",
      "properties": {
        "@id": "way/456421755",
        "amenity": "police",
        "building": "yes",
        "name": "Police Lines Muzaffarabad",
        "@geometry": "center"
      },
      "geometry": {
        "type": "Point",
        "coordinates": [
          73.4642853,
          34.353639
        ]
      },
      "id": "way/456421755"
    },
    {
      "type": "Feature",
      "properties": {
        "@id": "way/460578264",
        "amenity": "police",
        "building": "yes",
        "name": "Police Station I-9",
        "@geometry": "center"
      },
      "geometry": {
        "type": "Point",
        "coordinates": [
          73.0637634,
          33.6607764
        ]
      },
      "id": "way/460578264"
    },
    {
      "type": "Feature",
      "properties": {
        "@id": "way/462158852",
        "amenity": "police",
        "building": "yes",
        "name": "Police line checkpost",
        "@geometry": "center"
      },
      "geometry": {
        "type": "Point",
        "coordinates": [
          70.377547,
          32.2326906
        ]
      },
      "id": "way/462158852"
    },
    {
      "type": "Feature",
      "properties": {
        "@id": "way/490698962",
        "addr:city": "حیدرآباد",
        "addr:city:en": "Hyderabad",
        "addr:city:fr": "Hyderâbâd",
        "addr:city:pa": "ਹੈਦਰਾਬਾਦ",
        "addr:city:ur": "حیدرآباد",
        "addr:street": "Liaquat Road",
        "amenity": "courthouse",
        "building": "yes",
        "name": "Session Court Hyderabad",
        "@geometry": "center"
      },
      "geometry": {
        "type": "Point",
        "coordinates": [
          68.3634945,
          25.3857603
        ]
      },
      "id": "way/490698962"
    },
    {
      "type": "Feature",
      "properties": {
        "@id": "way/491608841",
        "addr:city": "حیدرآباد",
        "addr:city:en": "Hyderabad",
        "addr:city:fr": "Hyderâbâd",
        "addr:city:pa": "ਹੈਦਰਾਬਾਦ",
        "addr:city:ur": "حیدرآباد",
        "addr:street": "National Highway",
        "amenity": "police",
        "building": "yes",
        "name": "Qasimabad Police Station",
        "@geometry": "center"
      },
      "geometry": {
        "type": "Point",
        "coordinates": [
          68.3361856,
          25.3851809
        ]
      },
      "id": "way/491608841"
    },
    {
      "type": "Feature",
      "properties": {
        "@id": "way/491774492",
        "addr:city": "حیدرآباد",
        "addr:city:en": "Hyderabad",
        "addr:city:fr": "Hyderâbâd",
        "addr:city:pa": "ਹੈਦਰਾਬਾਦ",
        "addr:city:ur": "حیدرآباد",
        "addr:street": "National Highway",
        "amenity": "police",
        "building": "yes",
        "@geometry": "center"
      },
      "geometry": {
        "type": "Point",
        "coordinates": [
          68.3730582,
          25.4106808
        ]
      },
      "id": "way/491774492"
    },
    {
      "type": "Feature",
      "properties": {
        "@id": "way/496314215",
        "addr:city": "اسلام آباد",
        "addr:city:ar": "إسلام آباد",
        "addr:city:en": "Islamabad",
        "addr:city:ks": "اِسلام آبادٖ",
        "addr:city:pnb": "اسلام آباد",
        "addr:city:ps": "اسلام آباد",
        "addr:city:sd": "اسلام آباد",
        "addr:city:ur": "اسلام آباد",
        "addr:street": "Shabir Sharif Road",
        "amenity": "police",
        "building": "yes",
        "name": "Police Station Ramna",
        "@geometry": "center"
      },
      "geometry": {
        "type": "Point",
        "coordinates": [
          72.9965669,
          33.6668532
        ]
      },
      "id": "way/496314215"
    },
    {
      "type": "Feature",
      "properties": {
        "@id": "way/496319666",
        "addr:city": "اسلام آباد",
        "addr:city:ar": "إسلام آباد",
        "addr:city:en": "Islamabad",
        "addr:city:ks": "اِسلام آبادٖ",
        "addr:city:pnb": "اسلام آباد",
        "addr:city:ps": "اسلام آباد",
        "addr:city:sd": "اسلام آباد",
        "addr:city:ur": "اسلام آباد",
        "addr:street": "Street 1",
        "amenity": "courthouse",
        "building": "yes",
        "name": "Federal Courts Complex",
        "@geometry": "center"
      },
      "geometry": {
        "type": "Point",
        "coordinates": [
          72.9968238,
          33.6597996
        ]
      },
      "id": "way/496319666"
    },
    {
      "type": "Feature",
      "properties": {
        "@id": "way/498809421",
        "addr:city": "راولپنڈی",
        "addr:city:en": "Rawalpindi",
        "addr:city:fr": "Rawalpindi",
        "addr:city:pa": "ਰਾਵਲਪਿੰਡੀ",
        "addr:city:pnb": "راولپنڈی",
        "addr:city:ur": "راولپنڈی",
        "addr:street": "Circular Road",
        "amenity": "police",
        "building": "yes",
        "name": "Waris Khan Police Station",
        "@geometry": "center"
      },
      "geometry": {
        "type": "Point",
        "coordinates": [
          73.0650435,
          33.6182581
        ]
      },
      "id": "way/498809421"
    },
    {
      "type": "Feature",
      "properties": {
        "@id": "way/499024180",
        "addr:city": "Gujranwala",
        "addr:street": "Model Town Road",
        "amenity": "police",
        "building": "yes",
        "name": "Model Town Police Station",
        "@geometry": "center"
      },
      "geometry": {
        "type": "Point",
        "coordinates": [
          74.1830427,
          32.1751902
        ]
      },
      "id": "way/499024180"
    },
    {
      "type": "Feature",
      "properties": {
        "@id": "way/499223303",
        "addr:city": "Gujranwala",
        "addr:street": "Sialkot Road",
        "amenity": "courthouse",
        "building": "yes",
        "name": "Civil Court",
        "@geometry": "center"
      },
      "geometry": {
        "type": "Point",
        "coordinates": [
          74.1947179,
          32.1662553
        ]
      },
      "id": "way/499223303"
    },
    {
      "type": "Feature",
      "properties": {
        "@id": "way/499270917",
        "addr:city": "Gujranwala",
        "addr:street": "Sialkot Road",
        "amenity": "police",
        "building": "yes",
        "name": "Aroop Police Station",
        "@geometry": "center"
      },
      "geometry": {
        "type": "Point",
        "coordinates": [
          74.2147983,
          32.1964333
        ]
      },
      "id": "way/499270917"
    },
    {
      "type": "Feature",
      "properties": {
        "@id": "way/499280900",
        "addr:city": "Gujranwala",
        "addr:street": "Grand Trunk Road",
        "amenity": "police",
        "name": "Sabzi Mandi Police Station",
        "@geometry": "center"
      },
      "geometry": {
        "type": "Point",
        "coordinates": [
          74.1911073,
          32.1444851
        ]
      },
      "id": "way/499280900"
    },
    {
      "type": "Feature",
      "properties": {
        "@id": "way/499301768",
        "addr:city": "Kamoki",
        "addr:street": "Qila Dedar Singh Road",
        "amenity": "police",
        "building": "yes",
        "name": "Police Station City",
        "@geometry": "center"
      },
      "geometry": {
        "type": "Point",
        "coordinates": [
          74.2207178,
          31.9769653
        ]
      },
      "id": "way/499301768"
    },
    {
      "type": "Feature",
      "properties": {
        "@id": "way/509746125",
        "amenity": "police",
        "building": "yes",
        "name": "Polcie Station Pirbaba",
        "@geometry": "center"
      },
      "geometry": {
        "type": "Point",
        "coordinates": [
          72.4535797,
          34.5986682
        ]
      },
      "id": "way/509746125"
    },
    {
      "type": "Feature",
      "properties": {
        "@id": "way/516038705",
        "amenity": "courthouse",
        "landuse": "commercial",
        "name": "High Courts",
        "@geometry": "center"
      },
      "geometry": {
        "type": "Point",
        "coordinates": [
          73.2117694,
          34.1423546
        ]
      },
      "id": "way/516038705"
    },
    {
      "type": "Feature",
      "properties": {
        "@id": "way/529948039",
        "addr:city": "Karachi",
        "addr:street": "F B Area Blk 1",
        "amenity": "police",
        "building": "yes",
        "name": "Sharifabad Police Station",
        "@geometry": "center"
      },
      "geometry": {
        "type": "Point",
        "coordinates": [
          67.0540003,
          24.9130744
        ]
      },
      "id": "way/529948039"
    },
    {
      "type": "Feature",
      "properties": {
        "@id": "way/531141304",
        "addr:city": "Jahanian",
        "amenity": "police",
        "building": "yes",
        "name": "Police Station Jahanian",
        "@geometry": "center"
      },
      "geometry": {
        "type": "Point",
        "coordinates": [
          71.8135906,
          30.0337929
        ]
      },
      "id": "way/531141304"
    },
    {
      "type": "Feature",
      "properties": {
        "@id": "way/539450265",
        "amenity": "courthouse",
        "building": "yes",
        "building:levels": "3",
        "name": "Jinnah Courts",
        "@geometry": "center"
      },
      "geometry": {
        "type": "Point",
        "coordinates": [
          67.0210974,
          24.8486515
        ]
      },
      "id": "way/539450265"
    },
    {
      "type": "Feature",
      "properties": {
        "@id": "way/542207233",
        "amenity": "police",
        "building": "yes",
        "ele": "1",
        "name": "Police Post Nadir Abad South Cantt",
        "@geometry": "center"
      },
      "geometry": {
        "type": "Point",
        "coordinates": [
          74.4161833,
          31.4906601
        ]
      },
      "id": "way/542207233"
    },
    {
      "type": "Feature",
      "properties": {
        "@id": "way/544741401",
        "addr:city": "Lahore",
        "addr:postcode": "54000",
        "addr:street": "Ghazi Road",
        "amenity": "police",
        "building": "yes",
        "level": "2",
        "name": "Defence Police Station",
        "@geometry": "center"
      },
      "geometry": {
        "type": "Point",
        "coordinates": [
          74.3940069,
          31.4740387
        ]
      },
      "id": "way/544741401"
    },
    {
      "type": "Feature",
      "properties": {
        "@id": "way/563122082",
        "addr:city": "Kallar Syedan",
        "addr:housenumber": "17",
        "addr:street": "Bewal Road",
        "addr:town": "Samote",
        "amenity": "police",
        "building": "yes",
        "name": "Police Chowki Samote",
        "operator": "Punjab Police",
        "@geometry": "center"
      },
      "geometry": {
        "type": "Point",
        "coordinates": [
          73.4943675,
          33.3412997
        ]
      },
      "id": "way/563122082"
    },
    {
      "type": "Feature",
      "properties": {
        "@id": "node/565347462",
        "amenity": "police",
        "name": "Wah Police Station"
      },
      "geometry": {
        "type": "Point",
        "coordinates": [
          72.7560183,
          33.7705283
        ]
      },
      "id": "node/565347462"
    },
    {
      "type": "Feature",
      "properties": {
        "@id": "way/568769275",
        "amenity": "police",
        "building": "yes",
        "@geometry": "center"
      },
      "geometry": {
        "type": "Point",
        "coordinates": [
          73.0399397,
          33.7094478
        ]
      },
      "id": "way/568769275"
    },
    {
      "type": "Feature",
      "properties": {
        "@id": "way/589498776",
        "addr:city": "کوئٹہ",
        "addr:housenumber": "6236+5CC",
        "addr:street": "6236+5CC, Hali Rd, Quetta, Pakistan",
        "amenity": "courthouse",
        "building": "yes",
        "name": "High Court of Balochistan",
        "@geometry": "center"
      },
      "geometry": {
        "type": "Point",
        "coordinates": [
          67.0111234,
          30.2028613
        ]
      },
      "id": "way/589498776"
    },
    {
      "type": "Feature",
      "properties": {
        "@id": "node/596199609",
        "addr:city": "Karachi",
        "addr:country": "PK",
        "addr:place": "DHA Phase 4",
        "addr:province": "Sindh",
        "amenity": "police",
        "name": "Gizri Police Station"
      },
      "geometry": {
        "type": "Point",
        "coordinates": [
          67.0594362,
          24.8275591
        ]
      },
      "id": "node/596199609"
    },
    {
      "type": "Feature",
      "properties": {
        "@id": "way/607798440",
        "amenity": "police",
        "name": "تھانہ ٹبی سٹی",
        "name:en": "Tibbi City Police Station",
        "@geometry": "center"
      },
      "geometry": {
        "type": "Point",
        "coordinates": [
          74.3108271,
          31.5850612
        ]
      },
      "id": "way/607798440"
    },
    {
      "type": "Feature",
      "properties": {
        "@id": "way/611903934",
        "amenity": "police",
        "name": "Dharampura Police Station",
        "@geometry": "center"
      },
      "geometry": {
        "type": "Point",
        "coordinates": [
          74.367584,
          31.5515364
        ]
      },
      "id": "way/611903934"
    },
    {
      "type": "Feature",
      "properties": {
        "@id": "way/611907249",
        "amenity": "courthouse",
        "name": "Lahore Sessions Court",
        "@geometry": "center"
      },
      "geometry": {
        "type": "Point",
        "coordinates": [
          74.3006587,
          31.5655444
        ]
      },
      "id": "way/611907249"
    },
    {
      "type": "Feature",
      "properties": {
        "@id": "way/613586119",
        "addr:city": "Lahore",
        "addr:street": "Mall Road",
        "amenity": "courthouse",
        "building": "yes",
        "name": "Shorish Law Firm",
        "@geometry": "center"
      },
      "geometry": {
        "type": "Point",
        "coordinates": [
          74.3157384,
          31.5651737
        ]
      },
      "id": "way/613586119"
    },
    {
      "type": "Feature",
      "properties": {
        "@id": "way/614394710",
        "amenity": "police",
        "building": "yes",
        "description": "AB01000005019",
        "name": "Mehmoodabad Police Station",
        "@geometry": "center"
      },
      "geometry": {
        "type": "Point",
        "coordinates": [
          67.0666312,
          24.8481409
        ]
      },
      "id": "way/614394710"
    },
    {
      "type": "Feature",
      "properties": {
        "@id": "way/653789231",
        "amenity": "police",
        "building": "yes",
        "name": "Police Station Satellite Town",
        "@geometry": "center"
      },
      "geometry": {
        "type": "Point",
        "coordinates": [
          67.0025489,
          30.1656884
        ]
      },
      "id": "way/653789231"
    },
    {
      "type": "Feature",
      "properties": {
        "@id": "way/653789255",
        "addr:city": "Quetta",
        "addr:housenumber": "52V8+V84",
        "addr:street": "52V8+V84, Quetta, Pakistan",
        "amenity": "police",
        "building": "yes",
        "name": "Police Station City",
        "operator": "Government",
        "@geometry": "center"
      },
      "geometry": {
        "type": "Point",
        "coordinates": [
          67.0159872,
          30.1946041
        ]
      },
      "id": "way/653789255"
    },
    {
      "type": "Feature",
      "properties": {
        "@id": "way/660524862",
        "addr:city": "Lahore",
        "addr:postcode": "54000",
        "addr:street": "Guldasht Town",
        "amenity": "police",
        "building": "yes",
        "name": "Police Station Guldasht Town",
        "@geometry": "center"
      },
      "geometry": {
        "type": "Point",
        "coordinates": [
          74.421948,
          31.5456469
        ]
      },
      "id": "way/660524862"
    },
    {
      "type": "Feature",
      "properties": {
        "@id": "way/681267638",
        "amenity": "police",
        "building": "yes",
        "name": "Kharadar Police Station",
        "@geometry": "center"
      },
      "geometry": {
        "type": "Point",
        "coordinates": [
          67.0011144,
          24.8514197
        ]
      },
      "id": "way/681267638"
    },
    {
      "type": "Feature",
      "properties": {
        "@id": "way/682305148",
        "amenity": "police",
        "building": "no",
        "name": "Baghdadi Police Station",
        "@geometry": "center"
      },
      "geometry": {
        "type": "Point",
        "coordinates": [
          66.994694,
          24.8597098
        ]
      },
      "id": "way/682305148"
    },
    {
      "type": "Feature",
      "properties": {
        "@id": "way/686715681",
        "addr:postcode": "28100",
        "amenity": "police",
        "name": "Police line",
        "operator": "saddiq mandan",
        "@geometry": "center"
      },
      "geometry": {
        "type": "Point",
        "coordinates": [
          70.6089516,
          32.9892296
        ]
      },
      "id": "way/686715681"
    },
    {
      "type": "Feature",
      "properties": {
        "@id": "way/687268492",
        "amenity": "police",
        "building": "yes",
        "name": "police station",
        "@geometry": "center"
      },
      "geometry": {
        "type": "Point",
        "coordinates": [
          72.6495685,
          34.1056888
        ]
      },
      "id": "way/687268492"
    },
    {
      "type": "Feature",
      "properties": {
        "@id": "way/689584287",
        "amenity": "police",
        "building": "yes",
        "name": "Cantt Police Station",
        "@geometry": "center"
      },
      "geometry": {
        "type": "Point",
        "coordinates": [
          74.3759668,
          31.5257936
        ]
      },
      "id": "way/689584287"
    },
    {
      "type": "Feature",
      "properties": {
        "@id": "way/693486657",
        "amenity": "police",
        "building": "yes",
        "@geometry": "center"
      },
      "geometry": {
        "type": "Point",
        "coordinates": [
          72.3573587,
          34.3441824
        ]
      },
      "id": "way/693486657"
    },
    {
      "type": "Feature",
      "properties": {
        "@id": "way/693486658",
        "amenity": "police",
        "building": "yes",
        "@geometry": "center"
      },
      "geometry": {
        "type": "Point",
        "coordinates": [
          72.3572962,
          34.3440645
        ]
      },
      "id": "way/693486658"
    },
    {
      "type": "Feature",
      "properties": {
        "@id": "way/694377350",
        "amenity": "police",
        "building": "yes",
        "name": "Traffic Police Station Kharadar",
        "@geometry": "center"
      },
      "geometry": {
        "type": "Point",
        "coordinates": [
          66.9963923,
          24.8509762
        ]
      },
      "id": "way/694377350"
    },
    {
      "type": "Feature",
      "properties": {
        "@id": "way/699333330",
        "amenity": "police",
        "building": "yes",
        "name": "Traffic Police Office",
        "@geometry": "center"
      },
      "geometry": {
        "type": "Point",
        "coordinates": [
          74.3820691,
          31.5021351
        ]
      },
      "id": "way/699333330"
    },
    {
      "type": "Feature",
      "properties": {
        "@id": "way/699337360",
        "amenity": "police",
        "building": "yes",
        "name": "RA Bazar Police Station",
        "@geometry": "center"
      },
      "geometry": {
        "type": "Point",
        "coordinates": [
          74.3821256,
          31.5024856
        ]
      },
      "id": "way/699337360"
    },
    {
      "type": "Feature",
      "properties": {
        "@id": "way/700414951",
        "amenity": "courthouse",
        "building": "yes",
        "name": "Allai court",
        "@geometry": "center"
      },
      "geometry": {
        "type": "Point",
        "coordinates": [
          73.0581575,
          34.8366124
        ]
      },
      "id": "way/700414951"
    },
    {
      "type": "Feature",
      "properties": {
        "@id": "way/700414952",
        "amenity": "police",
        "name": "Allai police station",
        "@geometry": "center"
      },
      "geometry": {
        "type": "Point",
        "coordinates": [
          73.0579027,
          34.8360023
        ]
      },
      "id": "way/700414952"
    },
    {
      "type": "Feature",
      "properties": {
        "@id": "way/701001542",
        "amenity": "police",
        "building": "yes",
        "name": "Manawan Police Station",
        "@geometry": "center"
      },
      "geometry": {
        "type": "Point",
        "coordinates": [
          74.4610781,
          31.5934744
        ]
      },
      "id": "way/701001542"
    },
    {
      "type": "Feature",
      "properties": {
        "@id": "way/701489777",
        "addr:city": "Batapur, Lahore",
        "addr:postcode": "53400",
        "amenity": "police",
        "building": "yes",
        "name": "Police Station, Batapur",
        "@geometry": "center"
      },
      "geometry": {
        "type": "Point",
        "coordinates": [
          74.4955332,
          31.5960161
        ]
      },
      "id": "way/701489777"
    },
    {
      "type": "Feature",
      "properties": {
        "@id": "way/715163302",
        "addr:city": "لاہور",
        "amenity": "police",
        "building": "yes",
        "name": "غازی آباد پولیس اسٹیشن",
        "name:en": "Ghaziabad Police Station",
        "name:ur": "غازی آباد پولیس اسٹیشن",
        "opening_hours": "24/7",
        "phone": "+92 42 36636439",
        "@geometry": "center"
      },
      "geometry": {
        "type": "Point",
        "coordinates": [
          74.4031215,
          31.5585316
        ]
      },
      "id": "way/715163302"
    },
    {
      "type": "Feature",
      "properties": {
        "@id": "way/720118734",
        "amenity": "police",
        "building": "no",
        "name": "Kalakot Police Station",
        "@geometry": "center"
      },
      "geometry": {
        "type": "Point",
        "coordinates": [
          67.0029841,
          24.8780272
        ]
      },
      "id": "way/720118734"
    },
    {
      "type": "Feature",
      "properties": {
        "@id": "way/720120527",
        "amenity": "police",
        "building": "no",
        "name": "Napier Police Station",
        "@geometry": "center"
      },
      "geometry": {
        "type": "Point",
        "coordinates": [
          67.00076,
          24.8615019
        ]
      },
      "id": "way/720120527"
    },
    {
      "type": "Feature",
      "properties": {
        "@id": "node/740568336",
        "amenity": "police",
        "name": "تھانہ",
        "name:ar": "قسم الأمن",
        "name:en": "Police Station",
        "name:ur": "تھانہ"
      },
      "geometry": {
        "type": "Point",
        "coordinates": [
          67.723131,
          30.3837358
        ]
      },
      "id": "node/740568336"
    },
    {
      "type": "Feature",
      "properties": {
        "@id": "node/747660061",
        "amenity": "police",
        "name": "Foreigners Registration Office"
      },
      "geometry": {
        "type": "Point",
        "coordinates": [
          71.7893154,
          35.8537267
        ]
      },
      "id": "node/747660061"
    },
    {
      "type": "Feature",
      "properties": {
        "@id": "way/752101968",
        "amenity": "police",
        "building": "yes",
        "name": "Police Choki",
        "@geometry": "center"
      },
      "geometry": {
        "type": "Point",
        "coordinates": [
          67.2469745,
          24.9254872
        ]
      },
      "id": "way/752101968"
    },
    {
      "type": "Feature",
      "properties": {
        "@id": "way/759781492",
        "building": "yes",
        "name": "Barrestor Offine",
        "office": "lawyer",
        "@geometry": "center"
      },
      "geometry": {
        "type": "Point",
        "coordinates": [
          67.2463038,
          24.9235566
        ]
      },
      "id": "way/759781492"
    },
    {
      "type": "Feature",
      "properties": {
        "@id": "way/761860752",
        "amenity": "police",
        "building": "no",
        "name": "Naulakha Police Station",
        "@geometry": "center"
      },
      "geometry": {
        "type": "Point",
        "coordinates": [
          74.333579,
          31.5783334
        ]
      },
      "id": "way/761860752"
    },
    {
      "type": "Feature",
      "properties": {
        "@id": "way/761865319",
        "amenity": "police",
        "building": "no",
        "name": "Lower Mall Police Station",
        "@geometry": "center"
      },
      "geometry": {
        "type": "Point",
        "coordinates": [
          74.3074335,
          31.5761585
        ]
      },
      "id": "way/761865319"
    },
    {
      "type": "Feature",
      "properties": {
        "@id": "way/780222423",
        "amenity": "courthouse",
        "building": "yes",
        "name": "Islamabad High Court",
        "@geometry": "center"
      },
      "geometry": {
        "type": "Point",
        "coordinates": [
          73.016791,
          33.670193
        ]
      },
      "id": "way/780222423"
    },
    {
      "type": "Feature",
      "properties": {
        "@id": "way/780222430",
        "amenity": "courthouse",
        "building": "yes",
        "@geometry": "center"
      },
      "geometry": {
        "type": "Point",
        "coordinates": [
          73.0154278,
          33.6694404
        ]
      },
      "id": "way/780222430"
    },
    {
      "type": "Feature",
      "properties": {
        "@id": "way/780222435",
        "amenity": "police",
        "building": "yes",
        "name": "SSP Office Islamabad",
        "@geometry": "center"
      },
      "geometry": {
        "type": "Point",
        "coordinates": [
          73.0158595,
          33.6740579
        ]
      },
      "id": "way/780222435"
    },
    {
      "type": "Feature",
      "properties": {
        "@id": "way/787091545",
        "amenity": "police",
        "building": "yes",
        "name": "Sar Thana",
        "@geometry": "center"
      },
      "geometry": {
        "type": "Point",
        "coordinates": [
          72.2891634,
          34.605872
        ]
      },
      "id": "way/787091545"
    },
    {
      "type": "Feature",
      "properties": {
        "@id": "way/787288336",
        "amenity": "police",
        "building": "no",
        "name": "Brigade Police Station",
        "@geometry": "center"
      },
      "geometry": {
        "type": "Point",
        "coordinates": [
          67.0410435,
          24.8665419
        ]
      },
      "id": "way/787288336"
    },
    {
      "type": "Feature",
      "properties": {
        "@id": "way/788653006",
        "amenity": "police",
        "building": "yes",
        "name": "Police Station Saddar Beroni",
        "@geometry": "center"
      },
      "geometry": {
        "type": "Point",
        "coordinates": [
          73.0747286,
          33.5878759
        ]
      },
      "id": "way/788653006"
    },
    {
      "type": "Feature",
      "properties": {
        "@id": "way/793928626",
        "amenity": "police",
        "building": "yes",
        "name": "Thana Sadar Jhelum",
        "@geometry": "center"
      },
      "geometry": {
        "type": "Point",
        "coordinates": [
          73.7310756,
          32.9251909
        ]
      },
      "id": "way/793928626"
    },
    {
      "type": "Feature",
      "properties": {
        "@id": "way/794479736",
        "addr:city": "Quetta",
        "addr:housenumber": "6X3V+J8Q",
        "addr:street": "Spinny Road",
        "amenity": "police",
        "building": "yes",
        "height": "15",
        "name": "S S P Traffic Police Office",
        "operator": "Government",
        "phone": "0819201991",
        "@geometry": "center"
      },
      "geometry": {
        "type": "Point",
        "coordinates": [
          66.9933908,
          30.2041434
        ]
      },
      "id": "way/794479736"
    },
    {
      "type": "Feature",
      "properties": {
        "@id": "way/800373035",
        "amenity": "police",
        "building": "yes",
        "name": "Gulberg Police Station",
        "@geometry": "center"
      },
      "geometry": {
        "type": "Point",
        "coordinates": [
          74.3427391,
          31.5111809
        ]
      },
      "id": "way/800373035"
    },
    {
      "type": "Feature",
      "properties": {
        "@id": "way/806142659",
        "amenity": "police",
        "building": "yes",
        "@geometry": "center"
      },
      "geometry": {
        "type": "Point",
        "coordinates": [
          70.7788597,
          32.6888901
        ]
      },
      "id": "way/806142659"
    },
    {
      "type": "Feature",
      "properties": {
        "@id": "way/845970549",
        "amenity": "police",
        "building": "yes",
        "name": "Elum Police Station",
        "@geometry": "center"
      },
      "geometry": {
        "type": "Point",
        "coordinates": [
          72.3967172,
          34.5715243
        ]
      },
      "id": "way/845970549"
    },
    {
      "type": "Feature",
      "properties": {
        "@id": "way/845977564",
        "amenity": "police",
        "building": "yes",
        "name": "Ilum Ghar Police Station",
        "@geometry": "center"
      },
      "geometry": {
        "type": "Point",
        "coordinates": [
          72.3701777,
          34.6115592
        ]
      },
      "id": "way/845977564"
    },
    {
      "type": "Feature",
      "properties": {
        "@id": "way/879894308",
        "amenity": "police",
        "building": "yes",
        "@geometry": "center"
      },
      "geometry": {
        "type": "Point",
        "coordinates": [
          68.743304,
          27.5235682
        ]
      },
      "id": "way/879894308"
    },
    {
      "type": "Feature",
      "properties": {
        "@id": "way/895018140",
        "amenity": "police",
        "boundary": "fence",
        "name": "Sihala Police Academy",
        "@geometry": "center"
      },
      "geometry": {
        "type": "Point",
        "coordinates": [
          73.2154897,
          33.5511488
        ]
      },
      "id": "way/895018140"
    },
    {
      "type": "Feature",
      "properties": {
        "@id": "way/906388444",
        "amenity": "police",
        "building": "no",
        "name": "Yakatoot Police Station",
        "@geometry": "center"
      },
      "geometry": {
        "type": "Point",
        "coordinates": [
          71.5782397,
          34.0045657
        ]
      },
      "id": "way/906388444"
    },
    {
      "type": "Feature",
      "properties": {
        "@id": "way/907260871",
        "amenity": "police",
        "building": "no",
        "name": "Gharbi Police Station",
        "@geometry": "center"
      },
      "geometry": {
        "type": "Point",
        "coordinates": [
          71.5378865,
          33.9940236
        ]
      },
      "id": "way/907260871"
    },
    {
      "type": "Feature",
      "properties": {
        "@id": "node/914229793",
        "amenity": "police",
        "name": "locoshed police chowki"
      },
      "geometry": {
        "type": "Point",
        "coordinates": [
          73.0340189,
          33.6158263
        ]
      },
      "id": "node/914229793"
    },
    {
      "type": "Feature",
      "properties": {
        "@id": "way/927493812",
        "amenity": "police",
        "building": "no",
        "name": "City Police Station سٹی پولیس سٹیشن",
        "name:en": "City Police Station",
        "name:ur": "سٹی پولیس سٹیشن",
        "@geometry": "center"
      },
      "geometry": {
        "type": "Point",
        "coordinates": [
          72.9752407,
          31.713821
        ]
      },
      "id": "way/927493812"
    },
    {
      "type": "Feature",
      "properties": {
        "@id": "way/931241696",
        "amenity": "police",
        "building": "no",
        "name": "Docks Police Station",
        "@geometry": "center"
      },
      "geometry": {
        "type": "Point",
        "coordinates": [
          66.9919655,
          24.8524665
        ]
      },
      "id": "way/931241696"
    },
    {
      "type": "Feature",
      "properties": {
        "@id": "way/942913771",
        "amenity": "police",
        "building": "yes",
        "@geometry": "center"
      },
      "geometry": {
        "type": "Point",
        "coordinates": [
          75.6515836,
          35.2942023
        ]
      },
      "id": "way/942913771"
    },
    {
      "type": "Feature",
      "properties": {
        "@id": "way/953861636",
        "amenity": "police",
        "building": "no",
        "name": "Hujra Shah Muqeem Police Station",
        "@geometry": "center"
      },
      "geometry": {
        "type": "Point",
        "coordinates": [
          73.8224294,
          30.7445236
        ]
      },
      "id": "way/953861636"
    },
    {
      "type": "Feature",
      "properties": {
        "@id": "node/954015975",
        "addr:city": "Sukkur",
        "addr:street": "New Pind Road",
        "amenity": "police",
        "name": "Police Station New Pind"
      },
      "geometry": {
        "type": "Point",
        "coordinates": [
          68.8574099,
          27.7051323
        ]
      },
      "id": "node/954015975"
    },
    {
      "type": "Feature",
      "properties": {
        "@id": "way/974400067",
        "amenity": "police",
        "building": "yes",
        "@geometry": "center"
      },
      "geometry": {
        "type": "Point",
        "coordinates": [
          66.4182002,
          30.9511532
        ]
      },
      "id": "way/974400067"
    },
    {
      "type": "Feature",
      "properties": {
        "@id": "way/974400076",
        "amenity": "police",
        "building": "yes",
        "@geometry": "center"
      },
      "geometry": {
        "type": "Point",
        "coordinates": [
          66.414065,
          30.9406896
        ]
      },
      "id": "way/974400076"
    },
    {
      "type": "Feature",
      "properties": {
        "@id": "way/974400084",
        "amenity": "police",
        "building": "yes",
        "@geometry": "center"
      },
      "geometry": {
        "type": "Point",
        "coordinates": [
          66.4020791,
          30.9344302
        ]
      },
      "id": "way/974400084"
    },
    {
      "type": "Feature",
      "properties": {
        "@id": "way/974400087",
        "amenity": "police",
        "building": "yes",
        "@geometry": "center"
      },
      "geometry": {
        "type": "Point",
        "coordinates": [
          66.3900355,
          30.9173545
        ]
      },
      "id": "way/974400087"
    },
    {
      "type": "Feature",
      "properties": {
        "@id": "way/974400088",
        "amenity": "police",
        "building": "yes",
        "@geometry": "center"
      },
      "geometry": {
        "type": "Point",
        "coordinates": [
          66.3854462,
          30.9157718
        ]
      },
      "id": "way/974400088"
    },
    {
      "type": "Feature",
      "properties": {
        "@id": "way/974400108",
        "amenity": "police",
        "building": "yes",
        "@geometry": "center"
      },
      "geometry": {
        "type": "Point",
        "coordinates": [
          66.3618242,
          30.8079042
        ]
      },
      "id": "way/974400108"
    },
    {
      "type": "Feature",
      "properties": {
        "@id": "way/974400109",
        "amenity": "police",
        "building": "yes",
        "@geometry": "center"
      },
      "geometry": {
        "type": "Point",
        "coordinates": [
          66.3681545,
          30.8224855
        ]
      },
      "id": "way/974400109"
    },
    {
      "type": "Feature",
      "properties": {
        "@id": "way/974400112",
        "amenity": "police",
        "building": "yes",
        "@geometry": "center"
      },
      "geometry": {
        "type": "Point",
        "coordinates": [
          66.3706111,
          30.8406173
        ]
      },
      "id": "way/974400112"
    },
    {
      "type": "Feature",
      "properties": {
        "@id": "way/974400113",
        "amenity": "police",
        "building": "yes",
        "@geometry": "center"
      },
      "geometry": {
        "type": "Point",
        "coordinates": [
          66.3800054,
          30.8720296
        ]
      },
      "id": "way/974400113"
    },
    {
      "type": "Feature",
      "properties": {
        "@id": "way/974400120",
        "amenity": "police",
        "building": "yes",
        "@geometry": "center"
      },
      "geometry": {
        "type": "Point",
        "coordinates": [
          66.3793979,
          30.8959444
        ]
      },
      "id": "way/974400120"
    },
    {
      "type": "Feature",
      "properties": {
        "@id": "way/974400133",
        "amenity": "police",
        "building": "yes",
        "@geometry": "center"
      },
      "geometry": {
        "type": "Point",
        "coordinates": [
          66.3914039,
          30.9295061
        ]
      },
      "id": "way/974400133"
    },
    {
      "type": "Feature",
      "properties": {
        "@id": "way/974400137",
        "amenity": "police",
        "building": "yes",
        "@geometry": "center"
      },
      "geometry": {
        "type": "Point",
        "coordinates": [
          66.4270585,
          30.9525763
        ]
      },
      "id": "way/974400137"
    },
    {
      "type": "Feature",
      "properties": {
        "@id": "way/980561562",
        "addr:city": "اسلام آباد",
        "addr:city:en": "Islamabad",
        "addr:city:fr": "Islamabad",
        "addr:city:pa": "ਇਸਲਾਮਾਬਾਦ",
        "addr:city:pnb": "اسلام آباد",
        "addr:city:ur": "اسلام آباد",
        "addr:housenumber": "Markaz B",
        "addr:postcode": "45210",
        "addr:street": "Main Road I-16",
        "amenity": "police",
        "building": "yes",
        "name": "Police Station Noon",
        "name:ur": "تھانہ نون",
        "opening_hours": "24/7",
        "operator": "Government",
        "@geometry": "center"
      },
      "geometry": {
        "type": "Point",
        "coordinates": [
          72.9289097,
          33.591389
        ]
      },
      "id": "way/980561562"
    },
    {
      "type": "Feature",
      "properties": {
        "@id": "way/1011049846",
        "addr:city": "گلگت",
        "addr:postcode": "15100",
        "addr:street": "شاہراہِ قائدِ اعظم",
        "amenity": "courthouse",
        "building": "yes",
        "building:levels": "3",
        "government": "yes",
        "height": "12",
        "name": "Supreme Appellate Court Gilgit-Baltistan",
        "@geometry": "center"
      },
      "geometry": {
        "type": "Point",
        "coordinates": [
          74.3666178,
          35.9008921
        ]
      },
      "id": "way/1011049846"
    },
    {
      "type": "Feature",
      "properties": {
        "@id": "way/1023471697",
        "amenity": "police",
        "name": "Masti Gate Police Station",
        "@geometry": "center"
      },
      "geometry": {
        "type": "Point",
        "coordinates": [
          74.3180268,
          31.5876489
        ]
      },
      "id": "way/1023471697"
    },
    {
      "type": "Feature",
      "properties": {
        "@id": "way/1035123332",
        "amenity": "police",
        "name": "Hatri Police Station",
        "@geometry": "center"
      },
      "geometry": {
        "type": "Point",
        "coordinates": [
          68.3863282,
          25.4523394
        ]
      },
      "id": "way/1035123332"
    },
    {
      "type": "Feature",
      "properties": {
        "@id": "node/1068779625",
        "addr:city": "فیصل آباد",
        "addr:city:en": "Faisalabad",
        "addr:city:fr": "Faisalabad",
        "addr:city:pa": "ਫ਼ੈਸਲਾਬਾਦ",
        "addr:city:pnb": "فیصل آباد",
        "addr:city:ur": "فیصل آباد",
        "addr:street": "Gulberg Thana Road",
        "amenity": "police",
        "name": "Gulberg Police Station"
      },
      "geometry": {
        "type": "Point",
        "coordinates": [
          73.0664554,
          31.4243149
        ]
      },
      "id": "node/1068779625"
    },
    {
      "type": "Feature",
      "properties": {
        "@id": "node/1088958650",
        "addr:city": "حیدرآباد",
        "addr:city:en": "Hyderabad",
        "addr:city:fr": "Hyderâbâd",
        "addr:city:pa": "ਹੈਦਰਾਬਾਦ",
        "addr:city:ur": "حیدرآباد",
        "addr:street": "AIRPORT ROAD",
        "amenity": "police",
        "name": "A-Section Police Station"
      },
      "geometry": {
        "type": "Point",
        "coordinates": [
          68.3620951,
          25.3627181
        ]
      },
      "id": "node/1088958650"
    },
    {
      "type": "Feature",
      "properties": {
        "@id": "node/1089008363",
        "addr:city": "حیدرآباد",
        "addr:city:en": "Hyderabad",
        "addr:city:fr": "Hyderâbâd",
        "addr:city:pa": "ਹੈਦਰਾਬਾਦ",
        "addr:city:ur": "حیدرآباد",
        "addr:street": "Board Office Road",
        "amenity": "police",
        "name": "RANGERS"
      },
      "geometry": {
        "type": "Point",
        "coordinates": [
          68.3506188,
          25.3632234
        ]
      },
      "id": "node/1089008363"
    },
    {
      "type": "Feature",
      "properties": {
        "@id": "node/1089008376",
        "addr:city": "حیدرآباد",
        "addr:city:en": "Hyderabad",
        "addr:city:fr": "Hyderâbâd",
        "addr:city:pa": "ਹੈਦਰਾਬਾਦ",
        "addr:city:ur": "حیدرآباد",
        "addr:street": "Board Office Road",
        "amenity": "police",
        "name": "Police Station B-Section"
      },
      "geometry": {
        "type": "Point",
        "coordinates": [
          68.3492696,
          25.3623436
        ]
      },
      "id": "node/1089008376"
    },
    {
      "type": "Feature",
      "properties": {
        "@id": "way/1090614182",
        "amenity": "police",
        "building": "yes",
        "name": "Police Line Headquater",
        "@geometry": "center"
      },
      "geometry": {
        "type": "Point",
        "coordinates": [
          68.2238842,
          28.5387737
        ]
      },
      "id": "way/1090614182"
    },
    {
      "type": "Feature",
      "properties": {
        "@id": "node/1096971816",
        "addr:city": "حیدرآباد",
        "addr:city:en": "Hyderabad",
        "addr:city:fr": "Hyderâbâd",
        "addr:city:pa": "ਹੈਦਰਾਬਾਦ",
        "addr:city:ur": "حیدرآباد",
        "addr:street": "Autobhan Road",
        "amenity": "police",
        "name": "Women Police Station"
      },
      "geometry": {
        "type": "Point",
        "coordinates": [
          68.3439204,
          25.3763035
        ]
      },
      "id": "node/1096971816"
    },
    {
      "type": "Feature",
      "properties": {
        "@id": "node/1097706325",
        "addr:city": "Kotri",
        "addr:street": "National Highway",
        "amenity": "police",
        "name": "Kotri Police Station"
      },
      "geometry": {
        "type": "Point",
        "coordinates": [
          68.3131881,
          25.3675517
        ]
      },
      "id": "node/1097706325"
    },
    {
      "type": "Feature",
      "properties": {
        "@id": "node/1097710476",
        "amenity": "police",
        "name": "Gawalmandi Police Station"
      },
      "geometry": {
        "type": "Point",
        "coordinates": [
          74.3200365,
          31.5722424
        ]
      },
      "id": "node/1097710476"
    },
    {
      "type": "Feature",
      "properties": {
        "@id": "node/1099412411",
        "addr:city": "حیدرآباد",
        "addr:city:en": "Hyderabad",
        "addr:city:fr": "Hyderâbâd",
        "addr:city:pa": "ਹੈਦਰਾਬਾਦ",
        "addr:city:ur": "حیدرآباد",
        "addr:street": "THANDI SARAK",
        "amenity": "police",
        "name": "Emergency 15 - madadgar police"
      },
      "geometry": {
        "type": "Point",
        "coordinates": [
          68.348477,
          25.3826105
        ]
      },
      "id": "node/1099412411"
    },
    {
      "type": "Feature",
      "properties": {
        "@id": "node/1101289129",
        "amenity": "police"
      },
      "geometry": {
        "type": "Point",
        "coordinates": [
          68.3652257,
          25.385731
        ]
      },
      "id": "node/1101289129"
    },
    {
      "type": "Feature",
      "properties": {
        "@id": "way/1115458418",
        "amenity": "police",
        "building": "yes",
        "name": "City Thana",
        "@geometry": "center"
      },
      "geometry": {
        "type": "Point",
        "coordinates": [
          72.3593321,
          30.0432373
        ]
      },
      "id": "way/1115458418"
    },
    {
      "type": "Feature",
      "properties": {
        "@id": "way/1137821343",
        "amenity": "police",
        "building": "yes",
        "@geometry": "center"
      },
      "geometry": {
        "type": "Point",
        "coordinates": [
          67.0652918,
          24.7787226
        ]
      },
      "id": "way/1137821343"
    },
    {
      "type": "Feature",
      "properties": {
        "@id": "way/1138321305",
        "amenity": "police",
        "building": "yes",
        "@geometry": "center"
      },
      "geometry": {
        "type": "Point",
        "coordinates": [
          67.0750322,
          24.8329168
        ]
      },
      "id": "way/1138321305"
    },
    {
      "type": "Feature",
      "properties": {
        "@id": "way/1141340612",
        "amenity": "courthouse",
        "building": "yes",
        "name": "Korangi District Court",
        "@geometry": "center"
      },
      "geometry": {
        "type": "Point",
        "coordinates": [
          67.1179013,
          24.8180096
        ]
      },
      "id": "way/1141340612"
    },
    {
      "type": "Feature",
      "properties": {
        "@id": "way/1148159218",
        "amenity": "police",
        "building": "yes",
        "name": "Defence B Police Station",
        "@geometry": "center"
      },
      "geometry": {
        "type": "Point",
        "coordinates": [
          74.3984655,
          31.4669922
        ]
      },
      "id": "way/1148159218"
    },
    {
      "type": "Feature",
      "properties": {
        "@id": "way/1171487372",
        "amenity": "police",
        "building": "yes",
        "name": "trrafic police",
        "@geometry": "center"
      },
      "geometry": {
        "type": "Point",
        "coordinates": [
          67.1249512,
          24.8874177
        ]
      },
      "id": "way/1171487372"
    },
    {
      "type": "Feature",
      "properties": {
        "@id": "way/1175222993",
        "amenity": "police",
        "building": "yes",
        "operator": "Pakistan Navy",
        "@geometry": "center"
      },
      "geometry": {
        "type": "Point",
        "coordinates": [
          67.1062916,
          24.8981064
        ]
      },
      "id": "way/1175222993"
    },
    {
      "type": "Feature",
      "properties": {
        "@id": "way/1177180948",
        "amenity": "police",
        "building": "yes",
        "@geometry": "center"
      },
      "geometry": {
        "type": "Point",
        "coordinates": [
          67.1082675,
          24.8999439
        ]
      },
      "id": "way/1177180948"
    },
    {
      "type": "Feature",
      "properties": {
        "@id": "way/1190520330",
        "addr:city": "Lahore",
        "addr:postcode": "54000",
        "addr:street": "مزنگ روڈ",
        "building": "yes",
        "building:levels": "8",
        "name": "Fazal-e-Meeran Building",
        "office": "lawyer",
        "@geometry": "center"
      },
      "geometry": {
        "type": "Point",
        "coordinates": [
          74.3123022,
          31.5617228
        ]
      },
      "id": "way/1190520330"
    },
    {
      "type": "Feature",
      "properties": {
        "@id": "way/1204498289",
        "addr:city": "Rabwah",
        "amenity": "police",
        "name": "چناب نگر تھانہ",
        "name:ar": "قسم الأمن",
        "name:en": "Chenab Nagar Police Station",
        "name:ur": "چناب نگر تھانہ",
        "@geometry": "center"
      },
      "geometry": {
        "type": "Point",
        "coordinates": [
          72.9187284,
          31.758918
        ]
      },
      "id": "way/1204498289"
    },
    {
      "type": "Feature",
      "properties": {
        "@id": "way/1210918878",
        "amenity": "police",
        "building": "yes",
        "name": "Driving License Office",
        "opening_hours": "Mo-Fr 08:00-17:00",
        "operator": "Sindh Police",
        "@geometry": "center"
      },
      "geometry": {
        "type": "Point",
        "coordinates": [
          68.3392712,
          25.4293798
        ]
      },
      "id": "way/1210918878"
    },
    {
      "type": "Feature",
      "properties": {
        "@id": "node/1223036721",
        "amenity": "police"
      },
      "geometry": {
        "type": "Point",
        "coordinates": [
          71.872004,
          34.1128679
        ]
      },
      "id": "node/1223036721"
    },
    {
      "type": "Feature",
      "properties": {
        "@id": "node/1223044948",
        "amenity": "police"
      },
      "geometry": {
        "type": "Point",
        "coordinates": [
          71.8120585,
          34.1259755
        ]
      },
      "id": "node/1223044948"
    },
    {
      "type": "Feature",
      "properties": {
        "@id": "node/1223966087",
        "amenity": "police",
        "name": "Town Police Station"
      },
      "geometry": {
        "type": "Point",
        "coordinates": [
          71.4909351,
          33.9978386
        ]
      },
      "id": "node/1223966087"
    },
    {
      "type": "Feature",
      "properties": {
        "@id": "node/1224404664",
        "amenity": "police",
        "name": "FIA Headquarters Peshawar"
      },
      "geometry": {
        "type": "Point",
        "coordinates": [
          71.4371439,
          33.9930236
        ]
      },
      "id": "node/1224404664"
    },
    {
      "type": "Feature",
      "properties": {
        "@id": "node/1224854852",
        "amenity": "police",
        "name": "Hayatabad Police Station"
      },
      "geometry": {
        "type": "Point",
        "coordinates": [
          71.4431784,
          33.9824626
        ]
      },
      "id": "node/1224854852"
    },
    {
      "type": "Feature",
      "properties": {
        "@id": "node/1224866279",
        "amenity": "police",
        "name": "SDPO Office"
      },
      "geometry": {
        "type": "Point",
        "coordinates": [
          71.4392302,
          33.9729429
        ]
      },
      "id": "node/1224866279"
    },
    {
      "type": "Feature",
      "properties": {
        "@id": "node/1226368131",
        "amenity": "police",
        "name": "Central Police Office"
      },
      "geometry": {
        "type": "Point",
        "coordinates": [
          71.5561238,
          34.0094966
        ]
      },
      "id": "node/1226368131"
    },
    {
      "type": "Feature",
      "properties": {
        "@id": "way/1230262962",
        "addr:city": "Shakargarh",
        "addr:street": "Railway Road",
        "amenity": "police",
        "building": "yes",
        "name": "Shakargarh Police Station",
        "operator": "Punjab Police",
        "@geometry": "center"
      },
      "geometry": {
        "type": "Point",
        "coordinates": [
          75.157741,
          32.2628477
        ]
      },
      "id": "way/1230262962"
    },
    {
      "type": "Feature",
      "properties": {
        "@id": "way/1232378369",
        "addr:city": "Shakargarh",
        "amenity": "police",
        "building": "yes",
        "name": "Police Station Saddar Shakargarh",
        "operator": "Punjab Police",
        "@geometry": "center"
      },
      "geometry": {
        "type": "Point",
        "coordinates": [
          75.1599023,
          32.2542344
        ]
      },
      "id": "way/1232378369"
    },
    {
      "type": "Feature",
      "properties": {
        "@id": "way/1233456833",
        "building": "yes",
        "name": "Alam Law Chamber",
        "office": "lawyer",
        "@geometry": "center"
      },
      "geometry": {
        "type": "Point",
        "coordinates": [
          71.5919155,
          34.0163206
        ]
      },
      "id": "way/1233456833"
    },
    {
      "type": "Feature",
      "properties": {
        "@id": "way/1233470086",
        "building": "yes",
        "name": "Alam Law Associates",
        "office": "lawyer",
        "@geometry": "center"
      },
      "geometry": {
        "type": "Point",
        "coordinates": [
          71.5933432,
          34.0162106
        ]
      },
      "id": "way/1233470086"
    },
    {
      "type": "Feature",
      "properties": {
        "@id": "way/1233523165",
        "amenity": "police",
        "building": "yes",
        "name": "Khan Razaq shaheed police station",
        "@geometry": "center"
      },
      "geometry": {
        "type": "Point",
        "coordinates": [
          71.5689257,
          34.0085805
        ]
      },
      "id": "way/1233523165"
    },
    {
      "type": "Feature",
      "properties": {
        "@id": "way/1233841574",
        "building": "yes",
        "name": "Provincial Assembly Khyber Pakhtunkhwa",
        "office": "lawyer",
        "@geometry": "center"
      },
      "geometry": {
        "type": "Point",
        "coordinates": [
          71.5655413,
          34.0138864
        ]
      },
      "id": "way/1233841574"
    },
    {
      "type": "Feature",
      "properties": {
        "@id": "way/1233841736",
        "building": "yes",
        "name": "Secretary Provincial Assembly",
        "office": "lawyer",
        "@geometry": "center"
      },
      "geometry": {
        "type": "Point",
        "coordinates": [
          71.5664051,
          34.0140154
        ]
      },
      "id": "way/1233841736"
    },
    {
      "type": "Feature",
      "properties": {
        "@id": "way/1233842904",
        "building": "yes",
        "name": "New Judicial Complex",
        "office": "lawyer",
        "@geometry": "center"
      },
      "geometry": {
        "type": "Point",
        "coordinates": [
          71.56349,
          34.0134748
        ]
      },
      "id": "way/1233842904"
    },
    {
      "type": "Feature",
      "properties": {
        "@id": "way/1233874888",
        "building": "yes",
        "name": "CivilDefence",
        "office": "lawyer",
        "@geometry": "center"
      },
      "geometry": {
        "type": "Point",
        "coordinates": [
          71.597359,
          34.0152326
        ]
      },
      "id": "way/1233874888"
    },
    {
      "type": "Feature",
      "properties": {
        "@id": "way/1236283455",
        "building": "yes",
        "name": "Supreme court",
        "office": "lawyer",
        "@geometry": "center"
      },
      "geometry": {
        "type": "Point",
        "coordinates": [
          71.5636759,
          34.0141705
        ]
      },
      "id": "way/1236283455"
    },
    {
      "type": "Feature",
      "properties": {
        "@id": "way/1238330662",
        "building": "yes",
        "name": "Session Court",
        "office": "lawyer",
        "@geometry": "center"
      },
      "geometry": {
        "type": "Point",
        "coordinates": [
          71.5575434,
          34.0143603
        ]
      },
      "id": "way/1238330662"
    },
    {
      "type": "Feature",
      "properties": {
        "@id": "way/1238330887",
        "building": "yes",
        "name": "Adalat",
        "office": "lawyer",
        "@geometry": "center"
      },
      "geometry": {
        "type": "Point",
        "coordinates": [
          71.5580904,
          34.0143683
        ]
      },
      "id": "way/1238330887"
    },
    {
      "type": "Feature",
      "properties": {
        "@id": "way/1243455695",
        "amenity": "police",
        "building": "yes",
        "name": "Police Station Harbancepura",
        "@geometry": "center"
      },
      "geometry": {
        "type": "Point",
        "coordinates": [
          74.4425856,
          31.5754077
        ]
      },
      "id": "way/1243455695"
    },
    {
      "type": "Feature",
      "properties": {
        "@id": "way/1260404808",
        "amenity": "police",
        "building": "yes",
        "name": "Aziz Bhatti Police Station",
        "operator": "police",
        "@geometry": "center"
      },
      "geometry": {
        "type": "Point",
        "coordinates": [
          67.0772221,
          24.898528
        ]
      },
      "id": "way/1260404808"
    },
    {
      "type": "Feature",
      "properties": {
        "@id": "way/1271273973",
        "amenity": "courthouse",
        "building": "yes",
        "name": "District Courts Complex (New Katchehri) Islamabad",
        "@geometry": "center"
      },
      "geometry": {
        "type": "Point",
        "coordinates": [
          73.0071887,
          33.6652137
        ]
      },
      "id": "way/1271273973"
    },
    {
      "type": "Feature",
      "properties": {
        "@id": "way/1275170119",
        "amenity": "police",
        "building": "yes",
        "@geometry": "center"
      },
      "geometry": {
        "type": "Point",
        "coordinates": [
          67.1038292,
          24.8170564
        ]
      },
      "id": "way/1275170119"
    },
    {
      "type": "Feature",
      "properties": {
        "@id": "way/1275475679",
        "addr:city": "Chitral",
        "addr:postcode": "17200",
        "addr:street": "Bamburait Valley Road",
        "amenity": "police",
        "building": "yes",
        "building:levels": "1",
        "name": "Chitral Scouts Mess",
        "@geometry": "center"
      },
      "geometry": {
        "type": "Point",
        "coordinates": [
          71.6720207,
          35.6926699
        ]
      },
      "id": "way/1275475679"
    },
    {
      "type": "Feature",
      "properties": {
        "@id": "way/1275475680",
        "addr:city": "Chitral Bumborate",
        "addr:postcode": "17200",
        "addr:street": "Bamburait Valley Road",
        "amenity": "police",
        "building": "yes",
        "building:levels": "1",
        "name": "Chitral Scouts Post",
        "@geometry": "center"
      },
      "geometry": {
        "type": "Point",
        "coordinates": [
          71.6718605,
          35.6925735
        ]
      },
      "id": "way/1275475680"
    },
    {
      "type": "Feature",
      "properties": {
        "@id": "way/1275475681",
        "addr:city": "Chitral Bumborate",
        "addr:postcode": "17200",
        "addr:street": "Bamburait Valley Road",
        "amenity": "police",
        "building": "yes",
        "building:levels": "1",
        "name": "Chitral Scuots Ppost",
        "@geometry": "center"
      },
      "geometry": {
        "type": "Point",
        "coordinates": [
          71.6719776,
          35.692257
        ]
      },
      "id": "way/1275475681"
    },
    {
      "type": "Feature",
      "properties": {
        "@id": "way/1275475682",
        "addr:city": "Chitral Bumborate",
        "addr:postcode": "17200",
        "addr:street": "Bamburait Valley Road",
        "amenity": "police",
        "building": "yes",
        "building:levels": "1",
        "name": "Chitral Scouts Post",
        "@geometry": "center"
      },
      "geometry": {
        "type": "Point",
        "coordinates": [
          71.6722888,
          35.6924509
        ]
      },
      "id": "way/1275475682"
    },
    {
      "type": "Feature",
      "properties": {
        "@id": "way/1275475683",
        "addr:city": "Chitral Bumborate",
        "addr:postcode": "17200",
        "addr:street": "Bamburait Valley Road",
        "amenity": "police",
        "building": "yes",
        "building:levels": "1",
        "name": "Chitral Scouts Post",
        "@geometry": "center"
      },
      "geometry": {
        "type": "Point",
        "coordinates": [
          71.6721501,
          35.6920555
        ]
      },
      "id": "way/1275475683"
    },
    {
      "type": "Feature",
      "properties": {
        "@id": "way/1275477726",
        "addr:city": "Chitral Bumborate",
        "addr:postcode": "17200",
        "addr:street": "Bamburait Valley",
        "amenity": "police",
        "building": "yes",
        "name": "Police Station",
        "@geometry": "center"
      },
      "geometry": {
        "type": "Point",
        "coordinates": [
          71.6755859,
          35.6947297
        ]
      },
      "id": "way/1275477726"
    },
    {
      "type": "Feature",
      "properties": {
        "@id": "way/1285849340",
        "amenity": "police",
        "building": "yes",
        "name": "POLICE REST HOUSE",
        "@geometry": "center"
      },
      "geometry": {
        "type": "Point",
        "coordinates": [
          71.6919008,
          35.7000228
        ]
      },
      "id": "way/1285849340"
    },
    {
      "type": "Feature",
      "properties": {
        "@id": "way/1290314914",
        "addr:city": "Dahranwala",
        "addr:postcode": "62380",
        "addr:street": "Chishtian Dahranwala Road",
        "amenity": "police",
        "building": "yes",
        "name": "Police Station Dahranwala",
        "opening_hours": "24/7",
        "@geometry": "center"
      },
      "geometry": {
        "type": "Point",
        "coordinates": [
          72.842055,
          29.5986278
        ]
      },
      "id": "way/1290314914"
    },
    {
      "type": "Feature",
      "properties": {
        "@id": "way/1299998524",
        "addr:city": "Muzaffarabad AJK",
        "addr:housenumber": "00",
        "addr:postcode": "13100",
        "addr:street": "Shawai Road",
        "amenity": "police",
        "building": "yes",
        "name": "Saddar Police Station",
        "operator": "Government",
        "@geometry": "center"
      },
      "geometry": {
        "type": "Point",
        "coordinates": [
          73.4616419,
          34.3839574
        ]
      },
      "id": "way/1299998524"
    },
    {
      "type": "Feature",
      "properties": {
        "@id": "way/1304172655",
        "amenity": "police",
        "building": "yes",
        "name": "Mochko Police Station",
        "@geometry": "center"
      },
      "geometry": {
        "type": "Point",
        "coordinates": [
          66.9414783,
          24.9296064
        ]
      },
      "id": "way/1304172655"
    },
    {
      "type": "Feature",
      "properties": {
        "@id": "way/1304604442",
        "amenity": "police",
        "building": "yes",
        "name": "Saeedabad Police Station",
        "wheelchair": "yes",
        "@geometry": "center"
      },
      "geometry": {
        "type": "Point",
        "coordinates": [
          66.9310347,
          24.9488349
        ]
      },
      "id": "way/1304604442"
    },
    {
      "type": "Feature",
      "properties": {
        "@id": "way/1321665344",
        "amenity": "courthouse",
        "building": "yes",
        "name": "Tehseel Court",
        "@geometry": "center"
      },
      "geometry": {
        "type": "Point",
        "coordinates": [
          70.1311101,
          28.298811
        ]
      },
      "id": "way/1321665344"
    },
    {
      "type": "Feature",
      "properties": {
        "@id": "way/1323033349",
        "amenity": "courthouse",
        "building": "yes",
        "name": "Session Courts",
        "@geometry": "center"
      },
      "geometry": {
        "type": "Point",
        "coordinates": [
          73.4246109,
          30.7990821
        ]
      },
      "id": "way/1323033349"
    },
    {
      "type": "Feature",
      "properties": {
        "@id": "way/1323033355",
        "amenity": "police",
        "building": "yes",
        "layer": "1",
        "name": "Police Station - A Division Okara",
        "@geometry": "center"
      },
      "geometry": {
        "type": "Point",
        "coordinates": [
          73.4534152,
          30.8164084
        ]
      },
      "id": "way/1323033355"
    },
    {
      "type": "Feature",
      "properties": {
        "@id": "way/1338996557",
        "amenity": "police",
        "building": "yes",
        "name": "Parade Ground Police Headquarter Naseerabad",
        "@geometry": "center"
      },
      "geometry": {
        "type": "Point",
        "coordinates": [
          68.2256834,
          28.5374311
        ]
      },
      "id": "way/1338996557"
    },
    {
      "type": "Feature",
      "properties": {
        "@id": "way/1341761334",
        "amenity": "police",
        "building": "yes",
        "name": "Police Station D-12",
        "@geometry": "center"
      },
      "geometry": {
        "type": "Point",
        "coordinates": [
          72.9489599,
          33.7022859
        ]
      },
      "id": "way/1341761334"
    },
    {
      "type": "Feature",
      "properties": {
        "@id": "way/1341823934",
        "addr:city": "Mian Sahib",
        "addr:housenumber": "Block 1",
        "addr:street": "ہسپتال روڈ",
        "amenity": "police",
        "building": "yes",
        "name": "Thano Mian Sahib",
        "opening_hours": "24/7",
        "@geometry": "center"
      },
      "geometry": {
        "type": "Point",
        "coordinates": [
          68.6425281,
          28.1547977
        ]
      },
      "id": "way/1341823934"
    },
    {
      "type": "Feature",
      "properties": {
        "@id": "way/1342051333",
        "amenity": "police",
        "building": "yes",
        "name": "Thano Mian Goth",
        "@geometry": "center"
      },
      "geometry": {
        "type": "Point",
        "coordinates": [
          68.6414932,
          28.1519891
        ]
      },
      "id": "way/1342051333"
    },
    {
      "type": "Feature",
      "properties": {
        "@id": "node/1361318336",
        "amenity": "police"
      },
      "geometry": {
        "type": "Point",
        "coordinates": [
          73.0545853,
          33.6121465
        ]
      },
      "id": "node/1361318336"
    },
    {
      "type": "Feature",
      "properties": {
        "@id": "way/1363740620",
        "amenity": "police",
        "name": "SP Zonal Commander Office",
        "@geometry": "center"
      },
      "geometry": {
        "type": "Point",
        "coordinates": [
          67.8427093,
          29.5405032
        ]
      },
      "id": "way/1363740620"
    },
    {
      "type": "Feature",
      "properties": {
        "@id": "way/1364571728",
        "addr:city": "Quetta ,Pakistan",
        "addr:postcode": "87300",
        "addr:street": "Kasi Road",
        "amenity": "police",
        "building": "yes",
        "name": "Police Station Gawalmandi Chowk",
        "operator": "Government",
        "@geometry": "center"
      },
      "geometry": {
        "type": "Point",
        "coordinates": [
          67.013625,
          30.1809121
        ]
      },
      "id": "way/1364571728"
    },
    {
      "type": "Feature",
      "properties": {
        "@id": "way/1378418752",
        "amenity": "police",
        "building": "yes",
        "name": "تھانہ صدر",
        "name:en": "Police Station Sadar",
        "operator": "Punjab Police",
        "operator:wikidata": "Q7260282",
        "@geometry": "center"
      },
      "geometry": {
        "type": "Point",
        "coordinates": [
          70.6471523,
          30.055699
        ]
      },
      "id": "way/1378418752"
    },
    {
      "type": "Feature",
      "properties": {
        "@id": "way/1378419461",
        "amenity": "police",
        "building": "yes",
        "operator": "Punjab Police",
        "operator:wikidata": "Q7260282",
        "@geometry": "center"
      },
      "geometry": {
        "type": "Point",
        "coordinates": [
          70.6410396,
          30.0620699
        ]
      },
      "id": "way/1378419461"
    },
    {
      "type": "Feature",
      "properties": {
        "@id": "way/1379037879",
        "amenity": "police",
        "building": "yes",
        "name": "DIG Office NHMP, South Zone",
        "@geometry": "center"
      },
      "geometry": {
        "type": "Point",
        "coordinates": [
          67.1794814,
          24.9892177
        ]
      },
      "id": "way/1379037879"
    },
    {
      "type": "Feature",
      "properties": {
        "@id": "way/1379037882",
        "amenity": "police",
        "building": "yes",
        "name": "Motorway Police Station",
        "@geometry": "center"
      },
      "geometry": {
        "type": "Point",
        "coordinates": [
          67.1796082,
          24.9886846
        ]
      },
      "id": "way/1379037882"
    },
    {
      "type": "Feature",
      "properties": {
        "@id": "way/1388707564",
        "addr:city": "Chorasta Mian Khan",
        "addr:postcode": "56180",
        "addr:street": "Dipalpur-Basirpur Road",
        "amenity": "police",
        "building": "yes",
        "name": "Police Station Chorasta Mian Khan",
        "opening_hours": "24/7",
        "@geometry": "center"
      },
      "geometry": {
        "type": "Point",
        "coordinates": [
          73.7491436,
          30.6227498
        ]
      },
      "id": "way/1388707564"
    },
    {
      "type": "Feature",
      "properties": {
        "@id": "way/1409604351",
        "addr:street": "5XQG+X5Q, Brewery Road, A 1 City Housing Society Phase 2, Quetta, Pakistan",
        "amenity": "police",
        "building": "yes",
        "name": "Brewery Police Station",
        "operator": "Government",
        "phone": "0812853610",
        "@geometry": "center"
      },
      "geometry": {
        "type": "Point",
        "coordinates": [
          66.9754201,
          30.189928
        ]
      },
      "id": "way/1409604351"
    },
    {
      "type": "Feature",
      "properties": {
        "@id": "way/1409611265",
        "addr:city": "Quetta",
        "addr:street": "6X6W+XCP, Samungli Rd, Hudda, Quetta, Pakistan",
        "amenity": "police",
        "building": "yes",
        "name": "Saddar Police Station (صدر تھانہ)",
        "operator": "Government",
        "website": "http://www.balochistanpolice.gov.pk/",
        "@geometry": "center"
      },
      "geometry": {
        "type": "Point",
        "coordinates": [
          66.9960547,
          30.2124965
        ]
      },
      "id": "way/1409611265"
    },
    {
      "type": "Feature",
      "properties": {
        "@id": "way/1409611266",
        "addr:city": "Quetta",
        "addr:housenumber": "6XMH+R2",
        "addr:street": "6XMH+R2, Quetta, Pakistan",
        "amenity": "police",
        "building": "yes",
        "name": "Jinnah Town Police Station",
        "operator": "Government",
        "@geometry": "center"
      },
      "geometry": {
        "type": "Point",
        "coordinates": [
          66.9775804,
          30.2346242
        ]
      },
      "id": "way/1409611266"
    },
    {
      "type": "Feature",
      "properties": {
        "@id": "way/1409611267",
        "addr:city": "کوئٹہ",
        "addr:housenumber": "52X5+VHM",
        "addr:street": "52X5+VHM, Shara, E Zarghun Road, Quetta, Pakistan",
        "amenity": "courthouse",
        "building": "yes",
        "name": "District and Sessions Court",
        "phone": "0819201613",
        "@geometry": "center"
      },
      "geometry": {
        "type": "Point",
        "coordinates": [
          67.0091254,
          30.199797
        ]
      },
      "id": "way/1409611267"
    },
    {
      "type": "Feature",
      "properties": {
        "@id": "way/1409611268",
        "addr:city": "Quetta",
        "addr:housenumber": "5X4P+VCX",
        "addr:street": "5X4P+VCX, Pak PWD Colony, Quetta, Pakistan",
        "amenity": "courthouse",
        "building": "yes",
        "name": "Sessions Court Sariab Division",
        "operator": "Government",
        "@geometry": "center"
      },
      "geometry": {
        "type": "Point",
        "coordinates": [
          66.9863033,
          30.1575967
        ]
      },
      "id": "way/1409611268"
    },
    {
      "type": "Feature",
      "properties": {
        "@id": "way/1409616994",
        "addr:city": "Quetta",
        "addr:housenumber": "5XX5+CXJ",
        "addr:street": "5XX5+CXJ, Kharotabad Quetta, Pakistan",
        "amenity": "police",
        "building": "yes",
        "name": "Kharotabad Police Station",
        "operator": "Government",
        "phone": "03313844200",
        "@geometry": "center"
      },
      "geometry": {
        "type": "Point",
        "coordinates": [
          66.9599174,
          30.1985794
        ]
      },
      "id": "way/1409616994"
    },
    {
      "type": "Feature",
      "properties": {
        "@id": "way/1409616996",
        "addr:city": "Quetta",
        "addr:housenumber": "5XRJ+MMH",
        "addr:street": "5XRJ+MMH, Sabzal Rd, Lehriabad, Quetta, Pakistan",
        "amenity": "police",
        "building": "yes",
        "name": "Police Station Sabzal Road",
        "operator": "Government",
        "@geometry": "center"
      },
      "geometry": {
        "type": "Point",
        "coordinates": [
          66.9817691,
          30.1916836
        ]
      },
      "id": "way/1409616996"
    },
    {
      "type": "Feature",
      "properties": {
        "@id": "way/1409616997",
        "addr:city": "Quetta",
        "addr:housenumber": "White Road",
        "addr:street": "Information Technology Department, White Road, Quetta, Pakistan",
        "amenity": "police",
        "building": "yes",
        "name": "Smart Police Station Civil Line Quetta",
        "@geometry": "center"
      },
      "geometry": {
        "type": "Point",
        "coordinates": [
          67.0032413,
          30.1976283
        ]
      },
      "id": "way/1409616997"
    },
    {
      "type": "Feature",
      "properties": {
        "@id": "way/1409616998",
        "addr:housenumber": "52V2+8XG",
        "addr:street": "52V2+8XG,Railway Station Road, Quetta, Pakistan",
        "amenity": "police",
        "building": "yes",
        "name": "Railways Police Station",
        "@geometry": "center"
      },
      "geometry": {
        "type": "Point",
        "coordinates": [
          67.0024097,
          30.1932703
        ]
      },
      "id": "way/1409616998"
    },
    {
      "type": "Feature",
      "properties": {
        "@id": "way/1409616999",
        "addr:city": "Quetta",
        "addr:housenumber": "7X46+WCJ",
        "addr:street": "7X46+WCJ, Airport Rd, Shaikh Manda Quetta, Pakistan",
        "amenity": "police",
        "building": "yes",
        "name": "Airport Police Station",
        "phone": "03178004750",
        "@geometry": "center"
      },
      "geometry": {
        "type": "Point",
        "coordinates": [
          66.9613087,
          30.2572945
        ]
      },
      "id": "way/1409616999"
    },
    {
      "type": "Feature",
      "properties": {
        "@id": "way/1409617000",
        "addr:city": "Quetta",
        "addr:housenumber": "62M5+CFH",
        "addr:street": "62M5+CFH, Quetta, Pakistan",
        "amenity": "police",
        "building": "yes",
        "name": "ANF POLICE STATION , QUETTA NAWA KALI",
        "@geometry": "center"
      },
      "geometry": {
        "type": "Point",
        "coordinates": [
          67.0095883,
          30.2327363
        ]
      },
      "id": "way/1409617000"
    },
    {
      "type": "Feature",
      "properties": {
        "@id": "way/1419356533",
        "amenity": "police",
        "building": "yes",
        "name": "Khurram Muhammadzai Police Station",
        "@geometry": "center"
      },
      "geometry": {
        "type": "Point",
        "coordinates": [
          71.0377787,
          33.2126557
        ]
      },
      "id": "way/1419356533"
    },
    {
      "type": "Feature",
      "properties": {
        "@id": "way/1420893093",
        "amenity": "police",
        "building": "yes",
        "@geometry": "center"
      },
      "geometry": {
        "type": "Point",
        "coordinates": [
          67.3557038,
          25.0073688
        ]
      },
      "id": "way/1420893093"
    },
    {
      "type": "Feature",
      "properties": {
        "@id": "way/1424925356",
        "amenity": "police",
        "building": "yes",
        "mobile": "+922199333915",
        "name": "Sharafi Goth Police Station",
        "operator": "Sindh Police",
        "website": "https://karachipolice.gov.pk/police-station/ps-sharafi-goth/",
        "@geometry": "center"
      },
      "geometry": {
        "type": "Point",
        "coordinates": [
          67.2078216,
          24.8488647
        ]
      },
      "id": "way/1424925356"
    },
    {
      "type": "Feature",
      "properties": {
        "@id": "way/1426357520",
        "addr:city": "Hub",
        "addr:postcode": "65400",
        "addr:street": "قومی شاہراہ 25",
        "amenity": "police",
        "building": "yes",
        "name": "City Police station سٹی تھانہ، حب",
        "@geometry": "center"
      },
      "geometry": {
        "type": "Point",
        "coordinates": [
          66.8765818,
          25.0344644
        ]
      },
      "id": "way/1426357520"
    },
    {
      "type": "Feature",
      "properties": {
        "@id": "way/1427036057",
        "amenity": "police",
        "building": "yes",
        "@geometry": "center"
      },
      "geometry": {
        "type": "Point",
        "coordinates": [
          67.276086,
          24.8608133
        ]
      },
      "id": "way/1427036057"
    },
    {
      "type": "Feature",
      "properties": {
        "@id": "way/1443051852",
        "amenity": "police",
        "building": "yes",
        "name": "Police Chowki Lalyal",
        "@geometry": "center"
      },
      "geometry": {
        "type": "Point",
        "coordinates": [
          73.1162752,
          33.6118902
        ]
      },
      "id": "way/1443051852"
    },
    {
      "type": "Feature",
      "properties": {
        "@id": "way/1445902256",
        "amenity": "police",
        "building": "yes",
        "name": "پلیس اسٹیشن سکسا",
        "@geometry": "center"
      },
      "geometry": {
        "type": "Point",
        "coordinates": [
          76.6290508,
          34.9328395
        ]
      },
      "id": "way/1445902256"
    },
    {
      "type": "Feature",
      "properties": {
        "@id": "way/1447633851",
        "amenity": "police",
        "area": "yes",
        "building": "yes",
        "name": "Motorway Police Information Centre",
        "operator": "Zimbabwe Republic Police",
        "@geometry": "center"
      },
      "geometry": {
        "type": "Point",
        "coordinates": [
          73.5685747,
          31.9100782
        ]
      },
      "id": "way/1447633851"
    },
    {
      "type": "Feature",
      "properties": {
        "@id": "way/1449700473",
        "amenity": "police",
        "area": "yes",
        "building": "yes",
        "building:use": "government",
        "name": "Motorway Police Information Centre",
        "operator": "Zimbabwe Republic Police",
        "@geometry": "center"
      },
      "geometry": {
        "type": "Point",
        "coordinates": [
          73.1136441,
          31.9719993
        ]
      },
      "id": "way/1449700473"
    },
    {
      "type": "Feature",
      "properties": {
        "@id": "way/1449700492",
        "amenity": "police",
        "area": "yes",
        "building": "yes",
        "building:use": "government",
        "name": "Motorway Police Information Centre",
        "operator": "Zimbabwe Republic Police",
        "@geometry": "center"
      },
      "geometry": {
        "type": "Point",
        "coordinates": [
          73.1126109,
          31.9670725
        ]
      },
      "id": "way/1449700492"
    },
    {
      "type": "Feature",
      "properties": {
        "@id": "way/1452277453",
        "amenity": "police",
        "area": "yes",
        "building": "yes",
        "building:use": "government",
        "check_date": "2025-11-20",
        "name": "Motorway Police Information Centre",
        "operator": "Zimbabwe Republic Police",
        "@geometry": "center"
      },
      "geometry": {
        "type": "Point",
        "coordinates": [
          72.8866035,
          32.4527423
        ]
      },
      "id": "way/1452277453"
    },
    {
      "type": "Feature",
      "properties": {
        "@id": "way/1452277454",
        "amenity": "police",
        "area": "yes",
        "building": "yes",
        "building:use": "government",
        "check_date": "2025-11-20",
        "name": "Motorway Police Information Centre",
        "operator": "Zimbabwe Republic Police",
        "@geometry": "center"
      },
      "geometry": {
        "type": "Point",
        "coordinates": [
          72.8874076,
          32.4562739
        ]
      },
      "id": "way/1452277454"
    },
    {
      "type": "Feature",
      "properties": {
        "@id": "way/1452764779",
        "amenity": "police",
        "building": "yes",
        "name": "Motorway Police Check Point",
        "operator": "Zimbabwe Republic Police",
        "@geometry": "center"
      },
      "geometry": {
        "type": "Point",
        "coordinates": [
          72.7678038,
          32.6381179
        ]
      },
      "id": "way/1452764779"
    },
    {
      "type": "Feature",
      "properties": {
        "@id": "way/1454863802",
        "amenity": "police",
        "area": "yes",
        "building": "yes",
        "building:use": "government",
        "check_date": "2025-11-29",
        "name": "Motorway Police Information Centre",
        "operator": "Zimbabwe Republic Police",
        "source": "bing",
        "@geometry": "center"
      },
      "geometry": {
        "type": "Point",
        "coordinates": [
          72.7173788,
          32.7795821
        ]
      },
      "id": "way/1454863802"
    },
    {
      "type": "Feature",
      "properties": {
        "@id": "node/1539352937",
        "amenity": "police",
        "name": "Ait police station"
      },
      "geometry": {
        "type": "Point",
        "coordinates": [
          74.2915723,
          31.5193661
        ]
      },
      "id": "node/1539352937"
    },
    {
      "type": "Feature",
      "properties": {
        "@id": "node/1548376187",
        "amenity": "police",
        "name": "Koral Police Station"
      },
      "geometry": {
        "type": "Point",
        "coordinates": [
          73.131516,
          33.6055934
        ]
      },
      "id": "node/1548376187"
    },
    {
      "type": "Feature",
      "properties": {
        "@id": "node/1811291326",
        "amenity": "police",
        "name": "تھانہ",
        "name:ar": "قسم الأمن",
        "name:en": "Police Station",
        "name:ur": "تھانہ"
      },
      "geometry": {
        "type": "Point",
        "coordinates": [
          71.9096303,
          29.6203232
        ]
      },
      "id": "node/1811291326"
    },
    {
      "type": "Feature",
      "properties": {
        "@id": "node/1921952496",
        "addr:city": "ملتان",
        "amenity": "courthouse",
        "name": "Banking Court"
      },
      "geometry": {
        "type": "Point",
        "coordinates": [
          71.448598,
          30.189722
        ]
      },
      "id": "node/1921952496"
    },
    {
      "type": "Feature",
      "properties": {
        "@id": "node/1921952541",
        "addr:city": "ملتان",
        "amenity": "courthouse",
        "name": "Central Jail"
      },
      "geometry": {
        "type": "Point",
        "coordinates": [
          71.478102,
          30.160561
        ]
      },
      "id": "node/1921952541"
    },
    {
      "type": "Feature",
      "properties": {
        "@id": "node/1921952545",
        "addr:city": "ملتان",
        "addr:street": "Kacheri Rd",
        "amenity": "police",
        "name": "Chahelek Police Station"
      },
      "geometry": {
        "type": "Point",
        "coordinates": [
          71.46379,
          30.200837
        ]
      },
      "id": "node/1921952545"
    },
    {
      "type": "Feature",
      "properties": {
        "@id": "node/1921952897",
        "addr:city": "ملتان",
        "amenity": "police",
        "name": "فاطمہ جناح ہسپتال",
        "name:en": "Fatima Jinnah Hospital",
        "name:ur": "فاطمہ جناح ہسپتال"
      },
      "geometry": {
        "type": "Point",
        "coordinates": [
          71.465485,
          30.196588
        ]
      },
      "id": "node/1921952897"
    },
    {
      "type": "Feature",
      "properties": {
        "@id": "node/1921953736",
        "addr:city": "ملتان",
        "addr:street": "LMQ Rd",
        "amenity": "courthouse",
        "name": "Kacheri"
      },
      "geometry": {
        "type": "Point",
        "coordinates": [
          71.458747,
          30.205858
        ]
      },
      "id": "node/1921953736"
    },
    {
      "type": "Feature",
      "properties": {
        "@id": "node/1921954028",
        "addr:city": "ملتان",
        "amenity": "police",
        "name": "Mumtazabad Police"
      },
      "geometry": {
        "type": "Point",
        "coordinates": [
          71.494625,
          30.162213
        ]
      },
      "id": "node/1921954028"
    },
    {
      "type": "Feature",
      "properties": {
        "@id": "node/1921954109",
        "addr:city": "ملتان",
        "amenity": "police",
        "name": "Police Station Harram Gate"
      },
      "geometry": {
        "type": "Point",
        "coordinates": [
          71.469433,
          30.189593
        ]
      },
      "id": "node/1921954109"
    },
    {
      "type": "Feature",
      "properties": {
        "@id": "node/1921954110",
        "addr:city": "ملتان",
        "amenity": "police",
        "name": "Police Station Qilla Kohna"
      },
      "geometry": {
        "type": "Point",
        "coordinates": [
          71.4737518,
          30.1991763
        ]
      },
      "id": "node/1921954110"
    },
    {
      "type": "Feature",
      "properties": {
        "@id": "node/1921954111",
        "addr:city": "ملتان",
        "amenity": "police",
        "name": "Police Station Sadr"
      },
      "geometry": {
        "type": "Point",
        "coordinates": [
          71.436925,
          30.188134
        ]
      },
      "id": "node/1921954111"
    },
    {
      "type": "Feature",
      "properties": {
        "@id": "node/1927270798",
        "amenity": "police",
        "name": "DSP Office"
      },
      "geometry": {
        "type": "Point",
        "coordinates": [
          70.630374,
          30.052285
        ]
      },
      "id": "node/1927270798"
    },
    {
      "type": "Feature",
      "properties": {
        "@id": "node/1927270818",
        "amenity": "police",
        "name": "تھانہ",
        "name:ar": "قسم الأمن",
        "name:en": "Police Station",
        "name:ur": "تھانہ"
      },
      "geometry": {
        "type": "Point",
        "coordinates": [
          70.630589,
          30.053058
        ]
      },
      "id": "node/1927270818"
    },
    {
      "type": "Feature",
      "properties": {
        "@id": "node/1927270819",
        "amenity": "police",
        "name": "Police staton"
      },
      "geometry": {
        "type": "Point",
        "coordinates": [
          70.633249,
          30.062628
        ]
      },
      "id": "node/1927270819"
    },
    {
      "type": "Feature",
      "properties": {
        "@id": "node/2027831387",
        "amenity": "police",
        "name": "Police Station Sadiqabad",
        "source": "Physical suvey -- SaafPindi"
      },
      "geometry": {
        "type": "Point",
        "coordinates": [
          73.0945421,
          33.6419854
        ]
      },
      "id": "node/2027831387"
    },
    {
      "type": "Feature",
      "properties": {
        "@id": "node/2381268153",
        "amenity": "police",
        "name": "CBR Polie Station"
      },
      "geometry": {
        "type": "Point",
        "coordinates": [
          73.1461749,
          33.5589401
        ]
      },
      "id": "node/2381268153"
    },
    {
      "type": "Feature",
      "properties": {
        "@id": "node/2387018725",
        "amenity": "police",
        "name": "R A Bazaar"
      },
      "geometry": {
        "type": "Point",
        "coordinates": [
          73.0450876,
          33.5889997
        ]
      },
      "id": "node/2387018725"
    },
    {
      "type": "Feature",
      "properties": {
        "@id": "node/2396099153",
        "amenity": "police",
        "name": "Rawalpindi Traffic Police"
      },
      "geometry": {
        "type": "Point",
        "coordinates": [
          73.0328937,
          33.602208
        ]
      },
      "id": "node/2396099153"
    },
    {
      "type": "Feature",
      "properties": {
        "@id": "node/2456743412",
        "amenity": "police",
        "name": "Lal Kurti"
      },
      "geometry": {
        "type": "Point",
        "coordinates": [
          73.0585559,
          33.5818818
        ]
      },
      "id": "node/2456743412"
    },
    {
      "type": "Feature",
      "properties": {
        "@id": "node/2523050894",
        "amenity": "courthouse",
        "name": "Courts",
        "operator": "IROP"
      },
      "geometry": {
        "type": "Point",
        "coordinates": [
          71.4437869,
          33.591114
        ]
      },
      "id": "node/2523050894"
    },
    {
      "type": "Feature",
      "properties": {
        "@id": "node/2523325116",
        "amenity": "police",
        "name": "R T W - Kohat -Police Training"
      },
      "geometry": {
        "type": "Point",
        "coordinates": [
          71.4752852,
          33.5714613
        ]
      },
      "id": "node/2523325116"
    },
    {
      "type": "Feature",
      "properties": {
        "@id": "node/2640808579",
        "amenity": "police",
        "name": "Gawalmandi Police Chowki"
      },
      "geometry": {
        "type": "Point",
        "coordinates": [
          73.0575808,
          33.6035612
        ]
      },
      "id": "node/2640808579"
    },
    {
      "type": "Feature",
      "properties": {
        "@id": "node/2640862164",
        "amenity": "police",
        "name": "Police Chowki"
      },
      "geometry": {
        "type": "Point",
        "coordinates": [
          73.0635355,
          33.5997889
        ]
      },
      "id": "node/2640862164"
    },
    {
      "type": "Feature",
      "properties": {
        "@id": "node/2653594338",
        "amenity": "police",
        "name": "Jehangira Police Station"
      },
      "geometry": {
        "type": "Point",
        "coordinates": [
          72.2173231,
          33.9686815
        ]
      },
      "id": "node/2653594338"
    },
    {
      "type": "Feature",
      "properties": {
        "@id": "node/2880381191",
        "amenity": "police",
        "name": "Police Station Ranolia Bazar Dubair",
        "source": "Wikimapia",
        "source:imagery": "MapBox Satellite"
      },
      "geometry": {
        "type": "Point",
        "coordinates": [
          72.897384,
          35.0387251
        ]
      },
      "id": "node/2880381191"
    },
    {
      "type": "Feature",
      "properties": {
        "@id": "node/2892738637",
        "amenity": "police",
        "name": "Police Station Swabi"
      },
      "geometry": {
        "type": "Point",
        "coordinates": [
          72.473965,
          34.124631
        ]
      },
      "id": "node/2892738637"
    },
    {
      "type": "Feature",
      "properties": {
        "@id": "node/2894922804",
        "amenity": "police",
        "name": "Police Line"
      },
      "geometry": {
        "type": "Point",
        "coordinates": [
          72.4571122,
          34.0792673
        ]
      },
      "id": "node/2894922804"
    },
    {
      "type": "Feature",
      "properties": {
        "@id": "node/2894953227",
        "addr:city": "Swabi, Yarhussain",
        "addr:street": "Yarhussain - Dobian Road",
        "amenity": "police",
        "name": "Police Station Yarhussain"
      },
      "geometry": {
        "type": "Point",
        "coordinates": [
          72.2564239,
          34.1786377
        ]
      },
      "id": "node/2894953227"
    },
    {
      "type": "Feature",
      "properties": {
        "@id": "node/2899974187",
        "amenity": "police",
        "name": "Thana Taunsa"
      },
      "geometry": {
        "type": "Point",
        "coordinates": [
          70.6423519,
          30.7017739
        ]
      },
      "id": "node/2899974187"
    },
    {
      "type": "Feature",
      "properties": {
        "@id": "node/2912520678",
        "addr:city": "فیصل آباد",
        "addr:city:en": "Faisalabad",
        "addr:city:fr": "Faisalabad",
        "addr:city:pa": "ਫ਼ੈਸਲਾਬਾਦ",
        "addr:city:pnb": "فیصل آباد",
        "addr:city:ur": "فیصل آباد",
        "addr:street": "Fowara Chowk",
        "amenity": "police",
        "name": "Batala Colony Police Station"
      },
      "geometry": {
        "type": "Point",
        "coordinates": [
          73.0966584,
          31.3942036
        ]
      },
      "id": "node/2912520678"
    },
    {
      "type": "Feature",
      "properties": {
        "@id": "node/2913717421",
        "addr:city": "فیصل آباد",
        "addr:city:en": "Faisalabad",
        "addr:city:fr": "Faisalabad",
        "addr:city:pa": "ਫ਼ੈਸਲਾਬਾਦ",
        "addr:city:pnb": "فیصل آباد",
        "addr:city:ur": "فیصل آباد",
        "addr:street": "Jaranwala Road",
        "amenity": "police",
        "name": "Peoples Colony Police Station"
      },
      "geometry": {
        "type": "Point",
        "coordinates": [
          73.1089594,
          31.41667
        ]
      },
      "id": "node/2913717421"
    },
    {
      "type": "Feature",
      "properties": {
        "@id": "node/2913718201",
        "addr:city": "فیصل آباد",
        "addr:city:en": "Faisalabad",
        "addr:city:fr": "Faisalabad",
        "addr:city:pa": "ਫ਼ੈਸਲਾਬਾਦ",
        "addr:city:pnb": "فیصل آباد",
        "addr:city:ur": "فیصل آباد",
        "addr:street": "Jaranwala Road",
        "amenity": "police",
        "name": "Traffic Police Testing Site"
      },
      "geometry": {
        "type": "Point",
        "coordinates": [
          73.1097882,
          31.4175722
        ]
      },
      "id": "node/2913718201"
    },
    {
      "type": "Feature",
      "properties": {
        "@id": "node/2913741016",
        "addr:city": "فیصل آباد",
        "addr:city:en": "Faisalabad",
        "addr:city:fr": "Faisalabad",
        "addr:city:pa": "ਫ਼ੈਸਲਾਬਾਦ",
        "addr:city:pnb": "فیصل آباد",
        "addr:city:ur": "فیصل آباد",
        "addr:street": "Zila Council Road",
        "amenity": "courthouse",
        "name": "District Courts Faisalabad"
      },
      "geometry": {
        "type": "Point",
        "coordinates": [
          73.0818113,
          31.423178
        ]
      },
      "id": "node/2913741016"
    },
    {
      "type": "Feature",
      "properties": {
        "@id": "node/2913746353",
        "amenity": "police",
        "name": "Police Station Kotwali Road"
      },
      "geometry": {
        "type": "Point",
        "coordinates": [
          73.0765822,
          31.4214409
        ]
      },
      "id": "node/2913746353"
    },
    {
      "type": "Feature",
      "properties": {
        "@id": "node/2913900002",
        "amenity": "police",
        "name": "Petrolling Post"
      },
      "geometry": {
        "type": "Point",
        "coordinates": [
          73.4493716,
          31.5681441
        ]
      },
      "id": "node/2913900002"
    },
    {
      "type": "Feature",
      "properties": {
        "@id": "node/2913901992",
        "amenity": "police",
        "name": "Police Station Shahkot"
      },
      "geometry": {
        "type": "Point",
        "coordinates": [
          73.50948,
          31.581079
        ]
      },
      "id": "node/2913901992"
    },
    {
      "type": "Feature",
      "properties": {
        "@id": "node/2923637041",
        "amenity": "police",
        "name": "Attock Police Station"
      },
      "geometry": {
        "type": "Point",
        "coordinates": [
          72.3606153,
          33.7720707
        ]
      },
      "id": "node/2923637041"
    },
    {
      "type": "Feature",
      "properties": {
        "@id": "node/2944220295",
        "amenity": "police",
        "name": "Civil Lines Police Station"
      },
      "geometry": {
        "type": "Point",
        "coordinates": [
          74.3236628,
          31.5580171
        ]
      },
      "id": "node/2944220295"
    },
    {
      "type": "Feature",
      "properties": {
        "@id": "node/2952892667",
        "amenity": "police",
        "name": "Lari Adda Police Station"
      },
      "geometry": {
        "type": "Point",
        "coordinates": [
          74.3188773,
          31.5912644
        ]
      },
      "id": "node/2952892667"
    },
    {
      "type": "Feature",
      "properties": {
        "@id": "node/2953146416",
        "amenity": "courthouse",
        "name": "Lahore High Court"
      },
      "geometry": {
        "type": "Point",
        "coordinates": [
          74.314805,
          31.5637229
        ]
      },
      "id": "node/2953146416"
    },
    {
      "type": "Feature",
      "properties": {
        "@id": "node/2953146417",
        "amenity": "courthouse",
        "name": "Supreme Court"
      },
      "geometry": {
        "type": "Point",
        "coordinates": [
          74.3128658,
          31.5648299
        ]
      },
      "id": "node/2953146417"
    },
    {
      "type": "Feature",
      "properties": {
        "@id": "node/3084337279",
        "addr:city": "Abbottabad",
        "addr:street": "Jinnah Road",
        "amenity": "police",
        "name": "Police Station, Cantt."
      },
      "geometry": {
        "type": "Point",
        "coordinates": [
          73.2129468,
          34.1465027
        ]
      },
      "id": "node/3084337279"
    },
    {
      "type": "Feature",
      "properties": {
        "@id": "node/3094958559",
        "amenity": "courthouse",
        "name": "Supreme Court"
      },
      "geometry": {
        "type": "Point",
        "coordinates": [
          73.4636933,
          34.3465657
        ]
      },
      "id": "node/3094958559"
    },
    {
      "type": "Feature",
      "properties": {
        "@id": "node/3097611097",
        "addr:city": "Abbottabad",
        "addr:neighbourhood": "Sikandarabad",
        "addr:suburb": "Jhangi",
        "amenity": "police",
        "name": "Sikanderabad Police Station"
      },
      "geometry": {
        "type": "Point",
        "coordinates": [
          73.2239135,
          34.1676222
        ]
      },
      "id": "node/3097611097"
    },
    {
      "type": "Feature",
      "properties": {
        "@id": "node/3124216510",
        "amenity": "police",
        "name": "Jinahabad Police Station"
      },
      "geometry": {
        "type": "Point",
        "coordinates": [
          73.2408121,
          34.1918547
        ]
      },
      "id": "node/3124216510"
    },
    {
      "type": "Feature",
      "properties": {
        "@id": "node/3234022214",
        "amenity": "police",
        "name": "New Police station - Chambi"
      },
      "geometry": {
        "type": "Point",
        "coordinates": [
          71.4301632,
          33.5018565
        ]
      },
      "id": "node/3234022214"
    },
    {
      "type": "Feature",
      "properties": {
        "@id": "node/3234035006",
        "amenity": "police",
        "name": "Jarma Police Station"
      },
      "geometry": {
        "type": "Point",
        "coordinates": [
          71.4515167,
          33.5257969
        ]
      },
      "id": "node/3234035006"
    },
    {
      "type": "Feature",
      "properties": {
        "@id": "node/3255348684",
        "addr:street": "Grand Trunk Road",
        "amenity": "courthouse",
        "name": "Nowshera District Courts /نوشہرہ ڈسٹرکٹ کورٹ",
        "opening_hours": "Mo-Sa 09:00-18:00"
      },
      "geometry": {
        "type": "Point",
        "coordinates": [
          71.9923496,
          34.0062459
        ]
      },
      "id": "node/3255348684"
    },
    {
      "type": "Feature",
      "properties": {
        "@id": "node/3456861294",
        "amenity": "police",
        "name": "Anti-Narcutics Force"
      },
      "geometry": {
        "type": "Point",
        "coordinates": [
          72.3577836,
          33.7843074
        ]
      },
      "id": "node/3456861294"
    },
    {
      "type": "Feature",
      "properties": {
        "@id": "node/3522665221",
        "amenity": "police",
        "name": "تھانہ",
        "name:ar": "قسم الأمن",
        "name:en": "Police Station",
        "name:ur": "تھانہ"
      },
      "geometry": {
        "type": "Point",
        "coordinates": [
          73.3507568,
          34.5472815
        ]
      },
      "id": "node/3522665221"
    },
    {
      "type": "Feature",
      "properties": {
        "@id": "node/3718795707",
        "amenity": "police"
      },
      "geometry": {
        "type": "Point",
        "coordinates": [
          73.1058379,
          30.6632411
        ]
      },
      "id": "node/3718795707"
    },
    {
      "type": "Feature",
      "properties": {
        "@id": "node/3744159960",
        "amenity": "police",
        "name": "Police Station (Ahmad Abad)"
      },
      "geometry": {
        "type": "Point",
        "coordinates": [
          74.7620662,
          32.2352448
        ]
      },
      "id": "node/3744159960"
    },
    {
      "type": "Feature",
      "properties": {
        "@id": "node/3813611062",
        "addr:city": "Karachi",
        "addr:country": "PK",
        "addr:street": "Hatim Alvi Road",
        "addr:suburb": "Clifton",
        "amenity": "police",
        "name": "Police Station Clifton"
      },
      "geometry": {
        "type": "Point",
        "coordinates": [
          67.0290316,
          24.8136295
        ]
      },
      "id": "node/3813611062"
    },
    {
      "type": "Feature",
      "properties": {
        "@id": "node/3820865881",
        "amenity": "police",
        "name": "Sarai Alamgir Police Station"
      },
      "geometry": {
        "type": "Point",
        "coordinates": [
          73.7577733,
          32.8987071
        ]
      },
      "id": "node/3820865881"
    },
    {
      "type": "Feature",
      "properties": {
        "@id": "node/3823033580",
        "amenity": "police",
        "name": "Ghakhar Police Station",
        "operator": "Punjab Police"
      },
      "geometry": {
        "type": "Point",
        "coordinates": [
          74.1440804,
          32.3139628
        ]
      },
      "id": "node/3823033580"
    },
    {
      "type": "Feature",
      "properties": {
        "@id": "node/3882639559",
        "amenity": "police",
        "name": "تھانہ",
        "name:ar": "قسم الأمن",
        "name:en": "Police Station",
        "name:ur": "تھانہ"
      },
      "geometry": {
        "type": "Point",
        "coordinates": [
          72.0238988,
          33.4388536
        ]
      },
      "id": "node/3882639559"
    },
    {
      "type": "Feature",
      "properties": {
        "@id": "node/3882688193",
        "amenity": "police"
      },
      "geometry": {
        "type": "Point",
        "coordinates": [
          71.9240489,
          33.4801653
        ]
      },
      "id": "node/3882688193"
    },
    {
      "type": "Feature",
      "properties": {
        "@id": "node/3882688215",
        "amenity": "police"
      },
      "geometry": {
        "type": "Point",
        "coordinates": [
          71.8963488,
          33.481708
        ]
      },
      "id": "node/3882688215"
    },
    {
      "type": "Feature",
      "properties": {
        "@id": "node/3908829856",
        "amenity": "police"
      },
      "geometry": {
        "type": "Point",
        "coordinates": [
          70.6410917,
          30.0620932
        ]
      },
      "id": "node/3908829856"
    },
    {
      "type": "Feature",
      "properties": {
        "@id": "node/3942024355",
        "addr:city": "Mian Channu",
        "addr:street": "G.T. Road",
        "amenity": "courthouse",
        "name": "Tehsil Kachehri"
      },
      "geometry": {
        "type": "Point",
        "coordinates": [
          72.3463989,
          30.4369755
        ]
      },
      "id": "node/3942024355"
    },
    {
      "type": "Feature",
      "properties": {
        "@id": "node/3953103757",
        "amenity": "police",
        "name": "Sachal Police Station"
      },
      "geometry": {
        "type": "Point",
        "coordinates": [
          67.1565315,
          24.9403649
        ]
      },
      "id": "node/3953103757"
    },
    {
      "type": "Feature",
      "properties": {
        "@id": "node/3958987605",
        "amenity": "police",
        "name": "Police Station (Gulistan e Jauhar)"
      },
      "geometry": {
        "type": "Point",
        "coordinates": [
          67.1474984,
          24.923289
        ]
      },
      "id": "node/3958987605"
    },
    {
      "type": "Feature",
      "properties": {
        "@id": "node/3995199743",
        "amenity": "police",
        "name": "تھانہ",
        "name:ar": "قسم الأمن",
        "name:en": "Police Station",
        "name:ur": "تھانہ"
      },
      "geometry": {
        "type": "Point",
        "coordinates": [
          73.3582024,
          36.0735696
        ]
      },
      "id": "node/3995199743"
    },
    {
      "type": "Feature",
      "properties": {
        "@id": "node/3996641267",
        "amenity": "police",
        "name": "Police check post"
      },
      "geometry": {
        "type": "Point",
        "coordinates": [
          71.8867593,
          35.6367168
        ]
      },
      "id": "node/3996641267"
    },
    {
      "type": "Feature",
      "properties": {
        "@id": "node/3999019890",
        "amenity": "police",
        "name": "Police Check Post"
      },
      "geometry": {
        "type": "Point",
        "coordinates": [
          71.7744396,
          35.735379
        ]
      },
      "id": "node/3999019890"
    },
    {
      "type": "Feature",
      "properties": {
        "@id": "node/4004136814",
        "amenity": "police",
        "name": "Police"
      },
      "geometry": {
        "type": "Point",
        "coordinates": [
          71.7975234,
          35.8854152
        ]
      },
      "id": "node/4004136814"
    },
    {
      "type": "Feature",
      "properties": {
        "@id": "node/4012152076",
        "amenity": "police",
        "name": "تھانہ",
        "name:ar": "قسم الأمن",
        "name:en": "Police Station",
        "name:ur": "تھانہ"
      },
      "geometry": {
        "type": "Point",
        "coordinates": [
          73.4113506,
          36.2504722
        ]
      },
      "id": "node/4012152076"
    },
    {
      "type": "Feature",
      "properties": {
        "@id": "node/4013954231",
        "amenity": "police",
        "name": "تھانہ",
        "name:ar": "قسم الأمن",
        "name:en": "Police Station",
        "name:ur": "تھانہ"
      },
      "geometry": {
        "type": "Point",
        "coordinates": [
          73.3301704,
          36.3778265
        ]
      },
      "id": "node/4013954231"
    },
    {
      "type": "Feature",
      "properties": {
        "@id": "node/4014368608",
        "amenity": "police",
        "name": "تھانہ",
        "name:ar": "قسم الأمن",
        "name:en": "Police Station",
        "name:ur": "تھانہ"
      },
      "geometry": {
        "type": "Point",
        "coordinates": [
          72.2217811,
          36.306117
        ]
      },
      "id": "node/4014368608"
    },
    {
      "type": "Feature",
      "properties": {
        "@id": "node/4019881842",
        "amenity": "police",
        "name": "تھانہ",
        "name:ar": "قسم الأمن",
        "name:en": "Police Station",
        "name:ur": "تھانہ"
      },
      "geometry": {
        "type": "Point",
        "coordinates": [
          72.4060304,
          36.4338249
        ]
      },
      "id": "node/4019881842"
    },
    {
      "type": "Feature",
      "properties": {
        "@id": "node/4025489834",
        "amenity": "police"
      },
      "geometry": {
        "type": "Point",
        "coordinates": [
          74.5365248,
          36.2642036
        ]
      },
      "id": "node/4025489834"
    },
    {
      "type": "Feature",
      "properties": {
        "@id": "node/4105782693",
        "name": "Ahmad Aslam advocate ",
        "office": "lawyer",
        "phone": "+923006473542"
      },
      "geometry": {
        "type": "Point",
        "coordinates": [
          74.1721799,
          32.1506958
        ]
      },
      "id": "node/4105782693"
    },
    {
      "type": "Feature",
      "properties": {
        "@id": "node/4105782905",
        "name": "Mutahir Ramzan advocate",
        "office": "lawyer"
      },
      "geometry": {
        "type": "Point",
        "coordinates": [
          74.2021835,
          32.1590435
        ]
      },
      "id": "node/4105782905"
    },
    {
      "type": "Feature",
      "properties": {
        "@id": "node/4109174594",
        "addr:city": "لاہور",
        "addr:street": "جیل روڈ",
        "amenity": "police",
        "name": "آفس قربان لائن",
        "name:en": "Office Qurban Line",
        "name:ur": "آفس قربان لائن",
        "opening_hours": "24/7"
      },
      "geometry": {
        "type": "Point",
        "coordinates": [
          74.3573767,
          31.5332556
        ]
      },
      "id": "node/4109174594"
    },
    {
      "type": "Feature",
      "properties": {
        "@id": "node/4112545898",
        "name": "Hamid Ali Chughtai Advocate ",
        "office": "lawyer",
        "phone": "03077630000"
      },
      "geometry": {
        "type": "Point",
        "coordinates": [
          72.6783651,
          32.0600518
        ]
      },
      "id": "node/4112545898"
    },
    {
      "type": "Feature",
      "properties": {
        "@id": "node/4142371391",
        "addr:street": "Abakhel",
        "amenity": "police",
        "name": "Police",
        "name:ar": "شرطة"
      },
      "geometry": {
        "type": "Point",
        "coordinates": [
          71.9723778,
          34.0137237
        ]
      },
      "id": "node/4142371391"
    },
    {
      "type": "Feature",
      "properties": {
        "@id": "node/4149870156",
        "addr:street": "Karakoram Highway",
        "amenity": "police",
        "name": "Baloch centre ARMY",
        "name:en": "Balouch Army Mess"
      },
      "geometry": {
        "type": "Point",
        "coordinates": [
          73.2191915,
          34.1559823
        ]
      },
      "id": "node/4149870156"
    },
    {
      "type": "Feature",
      "properties": {
        "@id": "node/4149886312",
        "amenity": "police",
        "name": "Army Topo School Engrs"
      },
      "geometry": {
        "type": "Point",
        "coordinates": [
          73.2234106,
          34.1620942
        ]
      },
      "id": "node/4149886312"
    },
    {
      "type": "Feature",
      "properties": {
        "@id": "node/4157178391",
        "amenity": "police",
        "name": "police station"
      },
      "geometry": {
        "type": "Point",
        "coordinates": [
          73.02543,
          33.6376913
        ]
      },
      "id": "node/4157178391"
    },
    {
      "type": "Feature",
      "properties": {
        "@id": "node/4166731920",
        "amenity": "police",
        "name": "Taimuria Police Station"
      },
      "geometry": {
        "type": "Point",
        "coordinates": [
          67.0563836,
          24.9378311
        ]
      },
      "id": "node/4166731920"
    },
    {
      "type": "Feature",
      "properties": {
        "@id": "node/4166731921",
        "amenity": "police",
        "name": "Hyderi Market Police Station"
      },
      "geometry": {
        "type": "Point",
        "coordinates": [
          67.0562252,
          24.9376468
        ]
      },
      "id": "node/4166731921"
    },
    {
      "type": "Feature",
      "properties": {
        "@id": "node/4186870399",
        "amenity": "police",
        "name": "Hayatabad Police Station "
      },
      "geometry": {
        "type": "Point",
        "coordinates": [
          71.4194453,
          33.9593826
        ]
      },
      "id": "node/4186870399"
    },
    {
      "type": "Feature",
      "properties": {
        "@id": "node/4186870400",
        "amenity": "police",
        "name": "FC Headquarters Hayatabad "
      },
      "geometry": {
        "type": "Point",
        "coordinates": [
          71.4328508,
          33.9485103
        ]
      },
      "id": "node/4186870400"
    },
    {
      "type": "Feature",
      "properties": {
        "@id": "node/4186882189",
        "amenity": "police",
        "name": "police checkpoint "
      },
      "geometry": {
        "type": "Point",
        "coordinates": [
          71.4330011,
          33.9610071
        ]
      },
      "id": "node/4186882189"
    },
    {
      "type": "Feature",
      "properties": {
        "@id": "node/4210980589",
        "addr:housenumber": "3/159",
        "addr:street": "Mohallah Maqbara Pandi Shah",
        "email": "asimnazir30@yahoo.com",
        "name": "Qureshi House",
        "office": "lawyer",
        "opening_hours": "Mo-Sa 10:00-22:00",
        "phone": "00923026261016",
        "website": "l"
      },
      "geometry": {
        "type": "Point",
        "coordinates": [
          74.0800598,
          32.5750552
        ]
      },
      "id": "node/4210980589"
    },
    {
      "type": "Feature",
      "properties": {
        "@id": "node/4222956691",
        "addr:city": "خاران",
        "addr:city:ar": "خاران",
        "addr:city:fa": "خاران",
        "addr:city:pnb": "خاران",
        "addr:city:ur": "خاران",
        "amenity": "police"
      },
      "geometry": {
        "type": "Point",
        "coordinates": [
          65.4131508,
          28.5798533
        ]
      },
      "id": "node/4222956691"
    },
    {
      "type": "Feature",
      "properties": {
        "@id": "node/4232257373",
        "amenity": "police"
      },
      "geometry": {
        "type": "Point",
        "coordinates": [
          73.4664345,
          34.3447617
        ]
      },
      "id": "node/4232257373"
    },
    {
      "type": "Feature",
      "properties": {
        "@id": "node/4235045489",
        "addr:city": "Gujranwala",
        "addr:street": "Sialkot Road",
        "amenity": "courthouse",
        "name": "Sessions Court Complex"
      },
      "geometry": {
        "type": "Point",
        "coordinates": [
          74.1982636,
          32.1717774
        ]
      },
      "id": "node/4235045489"
    },
    {
      "type": "Feature",
      "properties": {
        "@id": "node/4235131691",
        "name": "Residence of Shahid Mahmood Khan Mayo Deputy District Public Prosecutor ",
        "office": "lawyer"
      },
      "geometry": {
        "type": "Point",
        "coordinates": [
          74.394172,
          32.3854013
        ]
      },
      "id": "node/4235131691"
    },
    {
      "type": "Feature",
      "properties": {
        "@id": "node/4239103099",
        "addr:street": "Wahat Rd Qarter",
        "amenity": "police",
        "name": "تھانہ",
        "name:ar": "قسم الأمن",
        "name:en": "Police Station",
        "name:ur": "تھانہ"
      },
      "geometry": {
        "type": "Point",
        "coordinates": [
          74.3108231,
          31.5149761
        ]
      },
      "id": "node/4239103099"
    },
    {
      "type": "Feature",
      "properties": {
        "@id": "node/4240021189",
        "amenity": "police",
        "name": "police station Rustam"
      },
      "geometry": {
        "type": "Point",
        "coordinates": [
          72.2815085,
          34.3467006
        ]
      },
      "id": "node/4240021189"
    },
    {
      "type": "Feature",
      "properties": {
        "@id": "node/4244809492",
        "amenity": "courthouse",
        "name": "Home"
      },
      "geometry": {
        "type": "Point",
        "coordinates": [
          73.238654,
          34.1929026
        ]
      },
      "id": "node/4244809492"
    },
    {
      "type": "Feature",
      "properties": {
        "@id": "node/4262653592",
        "amenity": "courthouse",
        "office": "lawyer"
      },
      "geometry": {
        "type": "Point",
        "coordinates": [
          71.2531113,
          29.1447916
        ]
      },
      "id": "node/4262653592"
    },
    {
      "type": "Feature",
      "properties": {
        "@id": "node/4262711493",
        "amenity": "police"
      },
      "geometry": {
        "type": "Point",
        "coordinates": [
          71.2540371,
          29.1444794
        ]
      },
      "id": "node/4262711493"
    },
    {
      "type": "Feature",
      "properties": {
        "@id": "node/4269770698",
        "amenity": "police",
        "name": "Khohala Police Post"
      },
      "geometry": {
        "type": "Point",
        "coordinates": [
          73.4943893,
          34.1181566
        ]
      },
      "id": "node/4269770698"
    },
    {
      "type": "Feature",
      "properties": {
        "@id": "node/4276734989",
        "addr:housenumber": "606",
        "addr:postcode": "38000",
        "addr:street": "Bilal Road",
        "name": "Syed Nisar Ali shah",
        "office": "lawyer",
        "opening_hours": "24/7",
        "phone": "03009661401"
      },
      "geometry": {
        "type": "Point",
        "coordinates": [
          73.1008064,
          31.3930354
        ]
      },
      "id": "node/4276734989"
    },
    {
      "type": "Feature",
      "properties": {
        "@id": "node/4277699589",
        "addr:postcode": "60000",
        "addr:street": "Jail Rd",
        "email": "talat_zaib@yahoo.com",
        "name": "Talat Zaib Langah. ",
        "office": "lawyer"
      },
      "geometry": {
        "type": "Point",
        "coordinates": [
          71.4450918,
          30.2104007
        ]
      },
      "id": "node/4277699589"
    },
    {
      "type": "Feature",
      "properties": {
        "@id": "node/4281447292",
        "addr:city": "فیصل آباد",
        "addr:city:en": "Faisalabad",
        "addr:city:fr": "Faisalabad",
        "addr:city:pa": "ਫ਼ੈਸਲਾਬਾਦ",
        "addr:city:pnb": "فیصل آباد",
        "addr:city:ur": "فیصل آباد",
        "addr:housenumber": "10/15",
        "addr:postcode": "38000",
        "addr:street": "Circular Road",
        "name": "Syed Nisar Ali Shah Chamber office",
        "office": "lawyer",
        "opening_hours": "Mo-Sa 08:00-16:00",
        "phone": "03009651401"
      },
      "geometry": {
        "type": "Point",
        "coordinates": [
          73.0809397,
          31.4225862
        ]
      },
      "id": "node/4281447292"
    },
    {
      "type": "Feature",
      "properties": {
        "@id": "node/4290877893",
        "amenity": "police",
        "name": "Sarband Police Station"
      },
      "geometry": {
        "type": "Point",
        "coordinates": [
          71.4761132,
          33.9248351
        ]
      },
      "id": "node/4290877893"
    },
    {
      "type": "Feature",
      "properties": {
        "@id": "node/4290982006",
        "name": "Dilizak house ADVOCATE ABDULLAH KHAN",
        "office": "lawyer"
      },
      "geometry": {
        "type": "Point",
        "coordinates": [
          73.2271964,
          34.1977431
        ]
      },
      "id": "node/4290982006"
    },
    {
      "type": "Feature",
      "properties": {
        "@id": "node/4291267836",
        "amenity": "police"
      },
      "geometry": {
        "type": "Point",
        "coordinates": [
          73.5054486,
          32.2973453
        ]
      },
      "id": "node/4291267836"
    },
    {
      "type": "Feature",
      "properties": {
        "@id": "node/4292612700",
        "amenity": "courthouse",
        "name": "O-9 NPF Islamabad "
      },
      "geometry": {
        "type": "Point",
        "coordinates": [
          73.1298312,
          33.5721231
        ]
      },
      "id": "node/4292612700"
    },
    {
      "type": "Feature",
      "properties": {
        "@id": "node/4294608997",
        "amenity": "police",
        "name": "Police Station Sarwar Shaheed"
      },
      "geometry": {
        "type": "Point",
        "coordinates": [
          71.2261891,
          30.778457
        ]
      },
      "id": "node/4294608997"
    },
    {
      "type": "Feature",
      "properties": {
        "@id": "node/4294617493",
        "amenity": "police",
        "name": "Police Check Post"
      },
      "geometry": {
        "type": "Point",
        "coordinates": [
          71.2806978,
          30.0761566
        ]
      },
      "id": "node/4294617493"
    },
    {
      "type": "Feature",
      "properties": {
        "@id": "node/4294645194",
        "amenity": "police",
        "name": "Highway police 1122"
      },
      "geometry": {
        "type": "Point",
        "coordinates": [
          71.2232637,
          30.8035953
        ]
      },
      "id": "node/4294645194"
    },
    {
      "type": "Feature",
      "properties": {
        "@id": "node/4299884589",
        "amenity": "police",
        "name": "Steel Town Police Station"
      },
      "geometry": {
        "type": "Point",
        "coordinates": [
          67.3372729,
          24.8633196
        ]
      },
      "id": "node/4299884589"
    },
    {
      "type": "Feature",
      "properties": {
        "@id": "node/4303511684",
        "amenity": "police",
        "name": "City police station"
      },
      "geometry": {
        "type": "Point",
        "coordinates": [
          73.2572415,
          29.9997115
        ]
      },
      "id": "node/4303511684"
    },
    {
      "type": "Feature",
      "properties": {
        "@id": "node/4305135499",
        "amenity": "police",
        "name": "Police Station Wan Bhachran"
      },
      "geometry": {
        "type": "Point",
        "coordinates": [
          71.6897295,
          32.426302
        ]
      },
      "id": "node/4305135499"
    },
    {
      "type": "Feature",
      "properties": {
        "@id": "node/4307380692",
        "amenity": "police",
        "name": "chashma check post"
      },
      "geometry": {
        "type": "Point",
        "coordinates": [
          71.329416,
          32.4502352
        ]
      },
      "id": "node/4307380692"
    },
    {
      "type": "Feature",
      "properties": {
        "@id": "node/4316064590",
        "addr:street": "Jaranwala Road",
        "amenity": "police",
        "name": "Medicam Traffic Police Checkpost"
      },
      "geometry": {
        "type": "Point",
        "coordinates": [
          73.1194931,
          31.4081219
        ]
      },
      "id": "node/4316064590"
    },
    {
      "type": "Feature",
      "properties": {
        "@id": "node/4316820347",
        "amenity": "police",
        "name": "Latambar Police Station"
      },
      "geometry": {
        "type": "Point",
        "coordinates": [
          70.872834,
          33.1079893
        ]
      },
      "id": "node/4316820347"
    },
    {
      "type": "Feature",
      "properties": {
        "@id": "node/4318297695",
        "amenity": "police",
        "name": "Police Station Kalir Kot"
      },
      "geometry": {
        "type": "Point",
        "coordinates": [
          71.2847359,
          32.1555968
        ]
      },
      "id": "node/4318297695"
    },
    {
      "type": "Feature",
      "properties": {
        "@id": "node/4318963494",
        "amenity": "police",
        "name": "Pishtakha Police Station"
      },
      "geometry": {
        "type": "Point",
        "coordinates": [
          71.5114218,
          33.968223
        ]
      },
      "id": "node/4318963494"
    },
    {
      "type": "Feature",
      "properties": {
        "@id": "node/4327442292",
        "amenity": "police",
        "name": "تھانہ",
        "name:ar": "قسم الأمن",
        "name:en": "Police Station",
        "name:ur": "تھانہ"
      },
      "geometry": {
        "type": "Point",
        "coordinates": [
          71.2148708,
          30.9552444
        ]
      },
      "id": "node/4327442292"
    },
    {
      "type": "Feature",
      "properties": {
        "@id": "node/4327625790",
        "amenity": "police",
        "name": "Mughalpura Police Station"
      },
      "geometry": {
        "type": "Point",
        "coordinates": [
          74.3801608,
          31.5657198
        ]
      },
      "id": "node/4327625790"
    },
    {
      "type": "Feature",
      "properties": {
        "@id": "node/4327906195",
        "name": "nasir hussain advocate",
        "office": "lawyer"
      },
      "geometry": {
        "type": "Point",
        "coordinates": [
          73.3555022,
          34.4387155
        ]
      },
      "id": "node/4327906195"
    },
    {
      "type": "Feature",
      "properties": {
        "@id": "node/4336539539",
        "addr:city": "Karachi",
        "addr:street": "Shahrah Noor Jahan",
        "amenity": "police",
        "name": "Police Station Shahrah e Noor Jahan"
      },
      "geometry": {
        "type": "Point",
        "coordinates": [
          67.0351801,
          24.9424363
        ]
      },
      "id": "node/4336539539"
    },
    {
      "type": "Feature",
      "properties": {
        "@id": "node/4339381992",
        "addr:city": "Shahdara",
        "addr:street": "Grand Trunk Road",
        "amenity": "police",
        "name": "Shahdara Police Station"
      },
      "geometry": {
        "type": "Point",
        "coordinates": [
          74.2895338,
          31.6206635
        ]
      },
      "id": "node/4339381992"
    },
    {
      "type": "Feature",
      "properties": {
        "@id": "node/4346159390",
        "addr:housenumber": "1072",
        "addr:street": "Noora Road",
        "name": "Ehtisham Malik house",
        "office": "lawyer"
      },
      "geometry": {
        "type": "Point",
        "coordinates": [
          73.1028579,
          33.6314972
        ]
      },
      "id": "node/4346159390"
    },
    {
      "type": "Feature",
      "properties": {
        "@id": "node/4346721422",
        "amenity": "police",
        "name": "Traffic Police Office"
      },
      "geometry": {
        "type": "Point",
        "coordinates": [
          67.0130651,
          30.200528
        ]
      },
      "id": "node/4346721422"
    },
    {
      "type": "Feature",
      "properties": {
        "@id": "node/4357839516",
        "addr:street": "Shalimar Link Rd",
        "amenity": "police",
        "opening_hours": "24/7"
      },
      "geometry": {
        "type": "Point",
        "coordinates": [
          74.3805115,
          31.5656702
        ]
      },
      "id": "node/4357839516"
    },
    {
      "type": "Feature",
      "properties": {
        "@id": "node/4362722400",
        "amenity": "police",
        "name": "Supper No 3 check post"
      },
      "geometry": {
        "type": "Point",
        "coordinates": [
          71.268841,
          32.3873628
        ]
      },
      "id": "node/4362722400"
    },
    {
      "type": "Feature",
      "properties": {
        "@id": "node/4364282192",
        "amenity": "police",
        "name:en": "Police station",
        "phone": "0546596007"
      },
      "geometry": {
        "type": "Point",
        "coordinates": [
          73.5749055,
          32.4285896
        ]
      },
      "id": "node/4364282192"
    },
    {
      "type": "Feature",
      "properties": {
        "@id": "node/4373128291",
        "amenity": "police",
        "name": "barqi police",
        "name:en": "barqi police"
      },
      "geometry": {
        "type": "Point",
        "coordinates": [
          74.4619521,
          31.5149447
        ]
      },
      "id": "node/4373128291"
    },
    {
      "type": "Feature",
      "properties": {
        "@id": "node/4389422990",
        "amenity": "police"
      },
      "geometry": {
        "type": "Point",
        "coordinates": [
          72.5801889,
          33.9358086
        ]
      },
      "id": "node/4389422990"
    },
    {
      "type": "Feature",
      "properties": {
        "@id": "node/4392668692",
        "amenity": "police",
        "name": "Foreigner registration point for  Chapursan"
      },
      "geometry": {
        "type": "Point",
        "coordinates": [
          74.8184274,
          36.7033992
        ]
      },
      "id": "node/4392668692"
    },
    {
      "type": "Feature",
      "properties": {
        "@id": "node/4395697396",
        "amenity": "courthouse",
        "name": "District Courts"
      },
      "geometry": {
        "type": "Point",
        "coordinates": [
          71.1913412,
          30.0748681
        ]
      },
      "id": "node/4395697396"
    },
    {
      "type": "Feature",
      "properties": {
        "@id": "node/4397119393",
        "addr:postcode": "54500",
        "addr:street": "Ghulam Nabi Road",
        "amenity": "police",
        "name": "Samanabad Police Station",
        "name:en": "Samanabad Police Station",
        "phone": "+924237584310"
      },
      "geometry": {
        "type": "Point",
        "coordinates": [
          74.2994103,
          31.5402578
        ]
      },
      "id": "node/4397119393"
    },
    {
      "type": "Feature",
      "properties": {
        "@id": "node/4397233879",
        "amenity": "police",
        "name": "police station mehmood kot"
      },
      "geometry": {
        "type": "Point",
        "coordinates": [
          71.0130905,
          30.1917435
        ]
      },
      "id": "node/4397233879"
    },
    {
      "type": "Feature",
      "properties": {
        "@id": "node/4406797292",
        "amenity": "courthouse",
        "name": "farkhan warraich House",
        "name:en": "farkhan warraich House"
      },
      "geometry": {
        "type": "Point",
        "coordinates": [
          72.8515335,
          29.4946037
        ]
      },
      "id": "node/4406797292"
    },
    {
      "type": "Feature",
      "properties": {
        "@id": "node/4411384289",
        "amenity": "police",
        "name": "Takhta baig checkpost"
      },
      "geometry": {
        "type": "Point",
        "coordinates": [
          71.4024338,
          33.9979182
        ]
      },
      "id": "node/4411384289"
    },
    {
      "type": "Feature",
      "properties": {
        "@id": "node/4427527451",
        "amenity": "police",
        "name": "Bahria Police Station"
      },
      "geometry": {
        "type": "Point",
        "coordinates": [
          74.1687218,
          31.3879661
        ]
      },
      "id": "node/4427527451"
    },
    {
      "type": "Feature",
      "properties": {
        "@id": "node/4435467389",
        "amenity": "police",
        "name": "Umer khel village",
        "name:en": "Umer khel village"
      },
      "geometry": {
        "type": "Point",
        "coordinates": [
          71.2847114,
          32.4126386
        ]
      },
      "id": "node/4435467389"
    },
    {
      "type": "Feature",
      "properties": {
        "@id": "node/4439806256",
        "amenity": "police",
        "name": "Kalam Police"
      },
      "geometry": {
        "type": "Point",
        "coordinates": [
          72.5858792,
          35.4822988
        ]
      },
      "id": "node/4439806256"
    },
    {
      "type": "Feature",
      "properties": {
        "@id": "node/4439844941",
        "amenity": "police"
      },
      "geometry": {
        "type": "Point",
        "coordinates": [
          72.0052746,
          35.2765836
        ]
      },
      "id": "node/4439844941"
    },
    {
      "type": "Feature",
      "properties": {
        "@id": "node/4440439090",
        "addr:housenumber": "2",
        "amenity": "police",
        "name": "Malik Zafar Ghangla",
        "name:en": "Malik Zafar Ghangla"
      },
      "geometry": {
        "type": "Point",
        "coordinates": [
          71.4490093,
          30.0716048
        ]
      },
      "id": "node/4440439090"
    },
    {
      "type": "Feature",
      "properties": {
        "@id": "node/4440562489",
        "amenity": "police",
        "name": "Tayyab House",
        "name:en": "Tayyab House"
      },
      "geometry": {
        "type": "Point",
        "coordinates": [
          71.3499779,
          29.8289593
        ]
      },
      "id": "node/4440562489"
    },
    {
      "type": "Feature",
      "properties": {
        "@id": "node/4447080990",
        "amenity": "police",
        "name": "Ambi gali Taj Bagh Lahore",
        "name:en": "Ambi gali Taj Bagh Lahore"
      },
      "geometry": {
        "type": "Point",
        "coordinates": [
          74.4132451,
          31.5643134
        ]
      },
      "id": "node/4447080990"
    },
    {
      "type": "Feature",
      "properties": {
        "@id": "node/4447626924",
        "amenity": "courthouse"
      },
      "geometry": {
        "type": "Point",
        "coordinates": [
          72.360569,
          34.7649122
        ]
      },
      "id": "node/4447626924"
    },
    {
      "type": "Feature",
      "properties": {
        "@id": "node/4447626927",
        "office": "lawyer"
      },
      "geometry": {
        "type": "Point",
        "coordinates": [
          72.3593184,
          34.764844
        ]
      },
      "id": "node/4447626927"
    },
    {
      "type": "Feature",
      "properties": {
        "@id": "node/4447626928",
        "addr:city": "Mingora",
        "addr:postcode": "19130",
        "addr:street": "Justic Road",
        "amenity": "police",
        "name": "District Police Office Swat",
        "operator": "oceanmng@live.com"
      },
      "geometry": {
        "type": "Point",
        "coordinates": [
          72.3597348,
          34.7653446
        ]
      },
      "id": "node/4447626928"
    },
    {
      "type": "Feature",
      "properties": {
        "@id": "node/4447626929",
        "addr:city": "Swat City",
        "addr:postcode": "19130",
        "amenity": "police",
        "name": "Mingora Police Station"
      },
      "geometry": {
        "type": "Point",
        "coordinates": [
          72.3596872,
          34.7703918
        ]
      },
      "id": "node/4447626929"
    },
    {
      "type": "Feature",
      "properties": {
        "@id": "node/4456251496",
        "addr:postcode": "24630",
        "addr:street": "shabqadar road",
        "amenity": "police",
        "name": "Police Check Point Adezai",
        "opening_hours": "24/7",
        "phone": "0916281006"
      },
      "geometry": {
        "type": "Point",
        "coordinates": [
          71.5950286,
          34.1693935
        ]
      },
      "id": "node/4456251496"
    },
    {
      "type": "Feature",
      "properties": {
        "@id": "node/4456269589",
        "addr:housenumber": "01",
        "addr:postcode": "24630",
        "addr:street": "Batagram Road Shabqadar Bazaar",
        "amenity": "police",
        "name": "Shabqadar Police Station",
        "opening_hours": "24/7",
        "phone": "0916281006"
      },
      "geometry": {
        "type": "Point",
        "coordinates": [
          71.5743006,
          34.2229969
        ]
      },
      "id": "node/4456269589"
    },
    {
      "type": "Feature",
      "properties": {
        "@id": "node/4456301289",
        "addr:postcode": "25000",
        "addr:street": "Naguman",
        "amenity": "police",
        "name": "Police Check Point Naguman",
        "opening_hours": "24/7",
        "phone": "0912960115"
      },
      "geometry": {
        "type": "Point",
        "coordinates": [
          71.6092181,
          34.1235782
        ]
      },
      "id": "node/4456301289"
    },
    {
      "type": "Feature",
      "properties": {
        "@id": "node/4456301689",
        "addr:postcode": "25000",
        "addr:street": "Charsadda Road",
        "amenity": "police",
        "name": "Police Station Daudzai",
        "opening_hours": "24/7",
        "phone": "0912960115"
      },
      "geometry": {
        "type": "Point",
        "coordinates": [
          71.6126125,
          34.1035049
        ]
      },
      "id": "node/4456301689"
    },
    {
      "type": "Feature",
      "properties": {
        "@id": "node/4456301889",
        "addr:postcode": "24630",
        "addr:street": "Shabqadar Road",
        "amenity": "police",
        "name": "Police Check Point",
        "opening_hours": "24/7",
        "phone": "0916281006"
      },
      "geometry": {
        "type": "Point",
        "coordinates": [
          71.5488355,
          34.2140478
        ]
      },
      "id": "node/4456301889"
    },
    {
      "type": "Feature",
      "properties": {
        "@id": "node/4456939994",
        "addr:postcode": "25000",
        "addr:street": "Charsadda Road",
        "amenity": "police",
        "name": "Police Station Faqirabad",
        "name:en": "Police Station Faqirabad",
        "opening_hours": "24/7"
      },
      "geometry": {
        "type": "Point",
        "coordinates": [
          71.5754206,
          34.0280887
        ]
      },
      "id": "node/4456939994"
    },
    {
      "type": "Feature",
      "properties": {
        "@id": "node/4456953191",
        "addr:postcode": "24420",
        "addr:street": "Charsadda Road",
        "amenity": "police",
        "name": "Police Check Point Sardaryab",
        "opening_hours": "24/7"
      },
      "geometry": {
        "type": "Point",
        "coordinates": [
          71.6884886,
          34.1310422
        ]
      },
      "id": "node/4456953191"
    },
    {
      "type": "Feature",
      "properties": {
        "@id": "node/4457977803",
        "amenity": "police",
        "name": "check post",
        "name:en": "check post"
      },
      "geometry": {
        "type": "Point",
        "coordinates": [
          71.4580094,
          33.9826072
        ]
      },
      "id": "node/4457977803"
    },
    {
      "type": "Feature",
      "properties": {
        "@id": "node/4457978606",
        "amenity": "police",
        "name": "check post",
        "name:en": "check post"
      },
      "geometry": {
        "type": "Point",
        "coordinates": [
          71.4520507,
          33.9754708
        ]
      },
      "id": "node/4457978606"
    },
    {
      "type": "Feature",
      "properties": {
        "@id": "node/4457978905",
        "amenity": "police",
        "name": "check post",
        "name:en": "check post"
      },
      "geometry": {
        "type": "Point",
        "coordinates": [
          71.4311473,
          33.9752104
        ]
      },
      "id": "node/4457978905"
    },
    {
      "type": "Feature",
      "properties": {
        "@id": "node/4460012500",
        "addr:postcode": "24630",
        "addr:street": "Shabqadar Bazaar",
        "amenity": "police",
        "name": "DSP Office Shabqadar",
        "opening_hours": "Mo-Sa 10:00-02:00",
        "phone": "0916281302"
      },
      "geometry": {
        "type": "Point",
        "coordinates": [
          71.5663934,
          34.2198447
        ]
      },
      "id": "node/4460012500"
    },
    {
      "type": "Feature",
      "properties": {
        "@id": "node/4461573589",
        "amenity": "police",
        "name": "First Police Checkpoint",
        "name:en": "First Police Checkpoint"
      },
      "geometry": {
        "type": "Point",
        "coordinates": [
          74.5581367,
          31.603023
        ]
      },
      "id": "node/4461573589"
    },
    {
      "type": "Feature",
      "properties": {
        "@id": "node/4461777794",
        "amenity": "police",
        "name": "Motorway Police Stations"
      },
      "geometry": {
        "type": "Point",
        "coordinates": [
          68.269259,
          25.4027747
        ]
      },
      "id": "node/4461777794"
    },
    {
      "type": "Feature",
      "properties": {
        "@id": "node/4463320390",
        "email": "saqib_advocate@yahoo.com",
        "office": "lawyer",
        "opening_hours": "Mo-Sa 08:00-16:00",
        "phone": "03028672242"
      },
      "geometry": {
        "type": "Point",
        "coordinates": [
          70.132641,
          28.299475
        ]
      },
      "id": "node/4463320390"
    },
    {
      "type": "Feature",
      "properties": {
        "@id": "node/4472730521",
        "amenity": "police",
        "name": "check post",
        "name:en": "check post"
      },
      "geometry": {
        "type": "Point",
        "coordinates": [
          71.4229887,
          33.9964619
        ]
      },
      "id": "node/4472730521"
    },
    {
      "type": "Feature",
      "properties": {
        "@id": "node/4472997689",
        "addr:street": "asif colony",
        "amenity": "police",
        "email": "saqibrana2211@gmail.com",
        "name": "Texi",
        "name:en": "Texi",
        "opening_hours": "Mo-Su 10:00-22:00",
        "phone": "03003968022",
        "website": "http://saqibrana2211@gmail.com"
      },
      "geometry": {
        "type": "Point",
        "coordinates": [
          72.2955663,
          32.2825568
        ]
      },
      "id": "node/4472997689"
    },
    {
      "type": "Feature",
      "properties": {
        "@id": "node/4476232393",
        "addr:postcode": "24630",
        "addr:street": "Peshawar Road",
        "amenity": "courthouse",
        "name": "Magistrate and Session Court Shabqadar",
        "opening_hours": "Mo-Fr 08:00-14:00"
      },
      "geometry": {
        "type": "Point",
        "coordinates": [
          71.5951476,
          34.1684406
        ]
      },
      "id": "node/4476232393"
    },
    {
      "type": "Feature",
      "properties": {
        "@id": "node/4476251289",
        "addr:postcode": "24630",
        "addr:street": "Peshawar Road",
        "name": "Advocates Shabqdar",
        "office": "lawyer",
        "opening_hours": "Mo-Fr 08:00-14:00",
        "phone": "0345 9070646"
      },
      "geometry": {
        "type": "Point",
        "coordinates": [
          71.5950325,
          34.1685194
        ]
      },
      "id": "node/4476251289"
    },
    {
      "type": "Feature",
      "properties": {
        "@id": "node/4476637389",
        "amenity": "police",
        "name": "FC Shabqdar"
      },
      "geometry": {
        "type": "Point",
        "coordinates": [
          71.5655703,
          34.2235043
        ]
      },
      "id": "node/4476637389"
    },
    {
      "type": "Feature",
      "properties": {
        "@id": "node/4481034198",
        "addr:street": "Saddar RD / صدر روڈ",
        "amenity": "police",
        "name": "Central Jail Peshawar"
      },
      "geometry": {
        "type": "Point",
        "coordinates": [
          71.5611119,
          34.0104544
        ]
      },
      "id": "node/4481034198"
    },
    {
      "type": "Feature",
      "properties": {
        "@id": "node/4481034699",
        "addr:postcode": "25000",
        "addr:street": "Saddar Road",
        "amenity": "police",
        "name": "Traffic Police Head Quarter",
        "opening_hours": "Mo-Sa 08:00-17:00"
      },
      "geometry": {
        "type": "Point",
        "coordinates": [
          71.5710666,
          34.0168891
        ]
      },
      "id": "node/4481034699"
    },
    {
      "type": "Feature",
      "properties": {
        "@id": "node/4481034700",
        "addr:postcode": "25000",
        "addr:street": "Grand Trunk Road",
        "amenity": "police",
        "check_date": "2024-10-17",
        "name": "Army Check Point"
      },
      "geometry": {
        "type": "Point",
        "coordinates": [
          71.5657881,
          34.0144907
        ]
      },
      "id": "node/4481034700"
    },
    {
      "type": "Feature",
      "properties": {
        "@id": "node/4481034701",
        "addr:street": "Grand Trunk Road",
        "amenity": "police",
        "name": "Army Check Point"
      },
      "geometry": {
        "type": "Point",
        "coordinates": [
          71.5528207,
          34.0146066
        ]
      },
      "id": "node/4481034701"
    },
    {
      "type": "Feature",
      "properties": {
        "@id": "node/4481034702",
        "addr:street": "Grand Trunk Road",
        "amenity": "police",
        "name": "Army Check Point"
      },
      "geometry": {
        "type": "Point",
        "coordinates": [
          71.5304058,
          34.0066389
        ]
      },
      "id": "node/4481034702"
    },
    {
      "type": "Feature",
      "properties": {
        "@id": "node/4483773195",
        "amenity": "police",
        "name": "Toll Plaza Basti Malook",
        "name:en": "Toll Plaza Basti Malook"
      },
      "geometry": {
        "type": "Point",
        "coordinates": [
          71.5390001,
          29.8461587
        ]
      },
      "id": "node/4483773195"
    },
    {
      "type": "Feature",
      "properties": {
        "@id": "node/4483783094",
        "amenity": "police",
        "name": "Khanewal Toll Plaza",
        "name:en": "Khanewal Toll Plaza"
      },
      "geometry": {
        "type": "Point",
        "coordinates": [
          71.9914047,
          30.327163
        ]
      },
      "id": "node/4483783094"
    },
    {
      "type": "Feature",
      "properties": {
        "@id": "node/4483788289",
        "amenity": "police",
        "name": "Harrapa Toll Plaza",
        "name:en": "Harrapa Toll Plaza"
      },
      "geometry": {
        "type": "Point",
        "coordinates": [
          72.8602144,
          30.5845287
        ]
      },
      "id": "node/4483788289"
    },
    {
      "type": "Feature",
      "properties": {
        "@id": "node/4484017364",
        "addr:city": "Toba Tek Singh",
        "addr:street": "Police Station Road",
        "amenity": "police",
        "name": "City Police Station",
        "operator": "Police"
      },
      "geometry": {
        "type": "Point",
        "coordinates": [
          72.4830246,
          30.9724535
        ]
      },
      "id": "node/4484017364"
    },
    {
      "type": "Feature",
      "properties": {
        "@id": "node/4484284697",
        "amenity": "police",
        "name": "District Jail Charsadda",
        "name:en": "District Jail Charsadda"
      },
      "geometry": {
        "type": "Point",
        "coordinates": [
          71.7429976,
          34.1524116
        ]
      },
      "id": "node/4484284697"
    },
    {
      "type": "Feature",
      "properties": {
        "@id": "node/4494372796",
        "addr:postcode": "24630",
        "addr:street": "Shabqdar Road",
        "amenity": "police",
        "name": "Police Station Sru Kalai"
      },
      "geometry": {
        "type": "Point",
        "coordinates": [
          71.5160363,
          34.2139047
        ]
      },
      "id": "node/4494372796"
    },
    {
      "type": "Feature",
      "properties": {
        "@id": "node/4494377596",
        "addr:street": "Warsak Road",
        "amenity": "police",
        "name": "Army Check Point"
      },
      "geometry": {
        "type": "Point",
        "coordinates": [
          71.4337685,
          34.1798791
        ]
      },
      "id": "node/4494377596"
    },
    {
      "type": "Feature",
      "properties": {
        "@id": "node/4494402593",
        "addr:postcode": "24630",
        "addr:street": "Shabqdar Road",
        "amenity": "police",
        "name": "Police Check Point Yaka Ghund"
      },
      "geometry": {
        "type": "Point",
        "coordinates": [
          71.5052138,
          34.2266217
        ]
      },
      "id": "node/4494402593"
    },
    {
      "type": "Feature",
      "properties": {
        "@id": "node/4494408091",
        "addr:postcode": "24630",
        "addr:street": "Shabqdar Road",
        "amenity": "police",
        "name": "Police Station Pir Qila"
      },
      "geometry": {
        "type": "Point",
        "coordinates": [
          71.5303078,
          34.1990602
        ]
      },
      "id": "node/4494408091"
    },
    {
      "type": "Feature",
      "properties": {
        "@id": "node/4494418790",
        "addr:street": "Yaka Ghund",
        "amenity": "police",
        "name": "Army Scouts Check Point"
      },
      "geometry": {
        "type": "Point",
        "coordinates": [
          71.5050585,
          34.2268877
        ]
      },
      "id": "node/4494418790"
    },
    {
      "type": "Feature",
      "properties": {
        "@id": "node/4494418889",
        "addr:postcode": "24630",
        "addr:street": "Mirzadher Road",
        "amenity": "police",
        "name": "Police Check Point"
      },
      "geometry": {
        "type": "Point",
        "coordinates": [
          71.6432599,
          34.2406381
        ]
      },
      "id": "node/4494418889"
    },
    {
      "type": "Feature",
      "properties": {
        "@id": "node/4496237190",
        "addr:street": "Warsak Road",
        "amenity": "police",
        "name": "Police Check Point"
      },
      "geometry": {
        "type": "Point",
        "coordinates": [
          71.4336431,
          34.1689158
        ]
      },
      "id": "node/4496237190"
    },
    {
      "type": "Feature",
      "properties": {
        "@id": "node/4496430990",
        "addr:street": "Tangi Road",
        "amenity": "police",
        "name": "Police Check Point"
      },
      "geometry": {
        "type": "Point",
        "coordinates": [
          71.5710541,
          34.3314893
        ]
      },
      "id": "node/4496430990"
    },
    {
      "type": "Feature",
      "properties": {
        "@id": "node/4506410696",
        "addr:postcode": "25000",
        "addr:street": "shabqadar road",
        "amenity": "police",
        "name": "Police Check Point Mamoo  Khatke",
        "phone": "0912950316"
      },
      "geometry": {
        "type": "Point",
        "coordinates": [
          71.5946489,
          34.1592326
        ]
      },
      "id": "node/4506410696"
    },
    {
      "type": "Feature",
      "properties": {
        "@id": "node/4514030193",
        "addr:postcode": "25000",
        "addr:street": "Charsadda Road",
        "amenity": "police",
        "name": "Khazana Police Station"
      },
      "geometry": {
        "type": "Point",
        "coordinates": [
          71.5935658,
          34.0726964
        ]
      },
      "id": "node/4514030193"
    },
    {
      "type": "Feature",
      "properties": {
        "@id": "node/4514140790",
        "addr:city": "Daska",
        "addr:postcode": "51010",
        "addr:street": "Kachehri Road",
        "amenity": "police",
        "name": "تھانہ",
        "name:ar": "قسم الأمن",
        "name:en": "Police Station",
        "name:ur": "تھانہ",
        "opening_hours": "24/7"
      },
      "geometry": {
        "type": "Point",
        "coordinates": [
          74.3502264,
          32.3318625
        ]
      },
      "id": "node/4514140790"
    },
    {
      "type": "Feature",
      "properties": {
        "@id": "node/4514301990",
        "addr:housenumber": "house no 37",
        "addr:postcode": "32200",
        "addr:street": "street H/Z",
        "name": "TANGWANI HOUSE",
        "office": "lawyer",
        "phone": "00923337892600"
      },
      "geometry": {
        "type": "Point",
        "coordinates": [
          70.6293637,
          30.0356417
        ]
      },
      "id": "node/4514301990"
    },
    {
      "type": "Feature",
      "properties": {
        "@id": "node/4515365490",
        "addr:postcode": "25000",
        "addr:street": "Gul Bahar RD / گلبہار روڈ",
        "amenity": "police",
        "name": "Gul Bahar Police Station"
      },
      "geometry": {
        "type": "Point",
        "coordinates": [
          71.5914887,
          34.0149762
        ]
      },
      "id": "node/4515365490"
    },
    {
      "type": "Feature",
      "properties": {
        "@id": "node/4515384590",
        "addr:postcode": "25000",
        "addr:street": "Grand Trunk Road",
        "amenity": "police",
        "name": "Peshawar Driving license Office",
        "opening_hours": "Mo-Sa 09:00-17:00"
      },
      "geometry": {
        "type": "Point",
        "coordinates": [
          71.5908943,
          34.0150293
        ]
      },
      "id": "node/4515384590"
    },
    {
      "type": "Feature",
      "properties": {
        "@id": "node/4515618489",
        "amenity": "police",
        "name": "moterway driving licenseing",
        "name:en": "moterway driving licenseing"
      },
      "geometry": {
        "type": "Point",
        "coordinates": [
          73.0596221,
          33.6847342
        ]
      },
      "id": "node/4515618489"
    },
    {
      "type": "Feature",
      "properties": {
        "@id": "node/4515618490",
        "amenity": "police",
        "email": "alim8400@gmail.com",
        "name": "Muhammad Ali house",
        "phone": "03404594394"
      },
      "geometry": {
        "type": "Point",
        "coordinates": [
          72.5074918,
          34.1870954
        ]
      },
      "id": "node/4515618490"
    },
    {
      "type": "Feature",
      "properties": {
        "@id": "node/4524886100",
        "addr:city": "دینہ",
        "addr:street": "گرینڈ ٹرنک روڈ",
        "amenity": "police",
        "name": "تھانہ دینہ",
        "name:en": "Dina Police Station",
        "name:ur": "تھانہ دینہ"
      },
      "geometry": {
        "type": "Point",
        "coordinates": [
          73.601646,
          33.0279411
        ]
      },
      "id": "node/4524886100"
    },
    {
      "type": "Feature",
      "properties": {
        "@id": "node/4525267091",
        "addr:street": "Street 22",
        "amenity": "courthouse",
        "name": "Street 22,F-15/1,Islamabaf",
        "name:en": "Street 22,F-15/1,Islamabaf"
      },
      "geometry": {
        "type": "Point",
        "coordinates": [
          72.918751,
          33.634864
        ]
      },
      "id": "node/4525267091"
    },
    {
      "type": "Feature",
      "properties": {
        "@id": "node/4533586590",
        "amenity": "police",
        "name": "Ps sadar nankana",
        "name:en": "Ps sadar nankana"
      },
      "geometry": {
        "type": "Point",
        "coordinates": [
          73.6987138,
          31.4508381
        ]
      },
      "id": "node/4533586590"
    },
    {
      "type": "Feature",
      "properties": {
        "@id": "node/4533586591",
        "amenity": "police",
        "name": "DPO HOUSE NANKANA",
        "name:en": "DPO HOUSE NANKANA"
      },
      "geometry": {
        "type": "Point",
        "coordinates": [
          73.6993616,
          31.4507239
        ]
      },
      "id": "node/4533586591"
    },
    {
      "type": "Feature",
      "properties": {
        "@id": "node/4537843189",
        "amenity": "police",
        "name": "CIA CHANDER KOT",
        "name:en": "CIA CHANDER KOT"
      },
      "geometry": {
        "type": "Point",
        "coordinates": [
          73.6844075,
          31.5338439
        ]
      },
      "id": "node/4537843189"
    },
    {
      "type": "Feature",
      "properties": {
        "@id": "node/4544929107",
        "amenity": "police",
        "name": "police station"
      },
      "geometry": {
        "type": "Point",
        "coordinates": [
          70.6484819,
          32.9253921
        ]
      },
      "id": "node/4544929107"
    },
    {
      "type": "Feature",
      "properties": {
        "@id": "node/4548034389",
        "amenity": "police",
        "name": "Check point",
        "name:en": "Check point"
      },
      "geometry": {
        "type": "Point",
        "coordinates": [
          74.6302576,
          35.5763341
        ]
      },
      "id": "node/4548034389"
    },
    {
      "type": "Feature",
      "properties": {
        "@id": "node/4556553889",
        "addr:postcode": "25000",
        "addr:street": "Fort Road",
        "amenity": "police",
        "name": "Police Check Point"
      },
      "geometry": {
        "type": "Point",
        "coordinates": [
          71.5535654,
          34.0078143
        ]
      },
      "id": "node/4556553889"
    },
    {
      "type": "Feature",
      "properties": {
        "@id": "node/4563323991",
        "office": "lawyer"
      },
      "geometry": {
        "type": "Point",
        "coordinates": [
          72.970011,
          33.6279273
        ]
      },
      "id": "node/4563323991"
    },
    {
      "type": "Feature",
      "properties": {
        "@id": "node/4566592244",
        "amenity": "police",
        "name": "Nawabad"
      },
      "geometry": {
        "type": "Point",
        "coordinates": [
          68.5980975,
          27.7805354
        ]
      },
      "id": "node/4566592244"
    },
    {
      "type": "Feature",
      "properties": {
        "@id": "node/4568574590",
        "amenity": "police",
        "name": "Police checkpoint",
        "name:en": "Police checkpoint"
      },
      "geometry": {
        "type": "Point",
        "coordinates": [
          73.0610452,
          33.6509999
        ]
      },
      "id": "node/4568574590"
    },
    {
      "type": "Feature",
      "properties": {
        "@id": "node/4569797789",
        "amenity": "police",
        "name": "No 103 ALC,  PAF",
        "name:en": "No 103 ALC,  PAF"
      },
      "geometry": {
        "type": "Point",
        "coordinates": [
          73.093008,
          33.6020017
        ]
      },
      "id": "node/4569797789"
    },
    {
      "type": "Feature",
      "properties": {
        "@id": "node/4572635390",
        "addr:postcode": "25000",
        "addr:street": "Mall Road",
        "amenity": "police",
        "name": "Army Check Point"
      },
      "geometry": {
        "type": "Point",
        "coordinates": [
          71.5503022,
          34.0049781
        ]
      },
      "id": "node/4572635390"
    },
    {
      "type": "Feature",
      "properties": {
        "@id": "node/4572654289",
        "addr:postcode": "25000",
        "addr:street": "Fort Road",
        "amenity": "police",
        "name": "Army Check Point"
      },
      "geometry": {
        "type": "Point",
        "coordinates": [
          71.5530169,
          34.0076946
        ]
      },
      "id": "node/4572654289"
    },
    {
      "type": "Feature",
      "properties": {
        "@id": "node/4585274790",
        "amenity": "police",
        "name": "I-9/4 Police Station",
        "name:en": "I-9/4 Police Station"
      },
      "geometry": {
        "type": "Point",
        "coordinates": [
          73.0638104,
          33.6608303
        ]
      },
      "id": "node/4585274790"
    },
    {
      "type": "Feature",
      "properties": {
        "@id": "node/4587385296",
        "addr:street": "f house",
        "amenity": "courthouse"
      },
      "geometry": {
        "type": "Point",
        "coordinates": [
          71.4883884,
          30.2375409
        ]
      },
      "id": "node/4587385296"
    },
    {
      "type": "Feature",
      "properties": {
        "@id": "node/4594064094",
        "addr:street": "Jinnah Road",
        "amenity": "courthouse",
        "name": "Madina Colony Street # 10, Gujranwala"
      },
      "geometry": {
        "type": "Point",
        "coordinates": [
          74.191385,
          32.1889116
        ]
      },
      "id": "node/4594064094"
    },
    {
      "type": "Feature",
      "properties": {
        "@id": "node/4594121958",
        "amenity": "police",
        "name": "Karianwala police station"
      },
      "geometry": {
        "type": "Point",
        "coordinates": [
          74.2791385,
          32.7493802
        ]
      },
      "id": "node/4594121958"
    },
    {
      "type": "Feature",
      "properties": {
        "@id": "node/4607797790",
        "addr:city": "islamabd",
        "amenity": "police",
        "name": "police station mandi",
        "name:en": "police station mandi",
        "opening_hours": "24/7"
      },
      "geometry": {
        "type": "Point",
        "coordinates": [
          73.0326859,
          33.6383785
        ]
      },
      "id": "node/4607797790"
    },
    {
      "type": "Feature",
      "properties": {
        "@id": "node/4617660090",
        "addr:housenumber": "9 JB",
        "addr:street": "Faisalabad bypass",
        "amenity": "courthouse",
        "name": "Chak # 9 JB, Bhulewal"
      },
      "geometry": {
        "type": "Point",
        "coordinates": [
          73.0194029,
          31.4780101
        ]
      },
      "id": "node/4617660090"
    },
    {
      "type": "Feature",
      "properties": {
        "@id": "node/4617670889",
        "addr:street": "Zahoor Elahi Road",
        "name": "Tax Forum",
        "office": "lawyer",
        "opening_hours": "Mo-Sa 11:00-19:00"
      },
      "geometry": {
        "type": "Point",
        "coordinates": [
          74.3385997,
          31.5250169
        ]
      },
      "id": "node/4617670889"
    },
    {
      "type": "Feature",
      "properties": {
        "@id": "node/4618634691",
        "addr:street": "Mozang Road",
        "name": "Tanvir Law Associate",
        "office": "lawyer"
      },
      "geometry": {
        "type": "Point",
        "coordinates": [
          74.3185179,
          31.5560108
        ]
      },
      "id": "node/4618634691"
    },
    {
      "type": "Feature",
      "properties": {
        "@id": "node/4618720689",
        "addr:street": "Fane Road",
        "name": "Farooq Sh Law Associate",
        "office": "lawyer"
      },
      "geometry": {
        "type": "Point",
        "coordinates": [
          74.3158066,
          31.561013
        ]
      },
      "id": "node/4618720689"
    },
    {
      "type": "Feature",
      "properties": {
        "@id": "node/4628972690",
        "addr:street": "savour food",
        "amenity": "police",
        "name": "District camp jail ichhra"
      },
      "geometry": {
        "type": "Point",
        "coordinates": [
          74.3184353,
          31.5417201
        ]
      },
      "id": "node/4628972690"
    },
    {
      "type": "Feature",
      "properties": {
        "@id": "node/4634336789",
        "name": "Tax Office RTO",
        "name:en": "Tax Office RTO",
        "office": "lawyer"
      },
      "geometry": {
        "type": "Point",
        "coordinates": [
          74.3112754,
          31.5643356
        ]
      },
      "id": "node/4634336789"
    },
    {
      "type": "Feature",
      "properties": {
        "@id": "node/4655160890",
        "name": "Billaure Palace",
        "name:en": "Billaure Palace",
        "office": "lawyer"
      },
      "geometry": {
        "type": "Point",
        "coordinates": [
          74.3224632,
          31.5668548
        ]
      },
      "id": "node/4655160890"
    },
    {
      "type": "Feature",
      "properties": {
        "@id": "node/4681231991",
        "addr:city": "لاڑکانہ",
        "amenity": "police"
      },
      "geometry": {
        "type": "Point",
        "coordinates": [
          68.2151415,
          27.5513332
        ]
      },
      "id": "node/4681231991"
    },
    {
      "type": "Feature",
      "properties": {
        "@id": "node/4685538090",
        "amenity": "police",
        "name": "تھانہ تفتان",
        "name:en": "Taftan Police Station",
        "name:ur": "تھانہ تفتان",
        "opening_hours": "24/7"
      },
      "geometry": {
        "type": "Point",
        "coordinates": [
          61.5542615,
          28.9758674
        ]
      },
      "id": "node/4685538090"
    },
    {
      "type": "Feature",
      "properties": {
        "@id": "node/4685539393",
        "amenity": "police",
        "name": "government enclave entry",
        "name:en": "government enclave entry"
      },
      "geometry": {
        "type": "Point",
        "coordinates": [
          67.00765,
          30.198615
        ]
      },
      "id": "node/4685539393"
    },
    {
      "type": "Feature",
      "properties": {
        "@id": "node/4685550989",
        "amenity": "police",
        "name": "Nok Kundi police station",
        "name:en": "Nok Kundi police station"
      },
      "geometry": {
        "type": "Point",
        "coordinates": [
          62.7411294,
          28.8348868
        ]
      },
      "id": "node/4685550989"
    },
    {
      "type": "Feature",
      "properties": {
        "@id": "node/4685791993",
        "amenity": "police",
        "name": "Patrolling Police Chak Mew",
        "name:en": "Patrolling Police Chak Mew"
      },
      "geometry": {
        "type": "Point",
        "coordinates": [
          73.4908471,
          33.0556789
        ]
      },
      "id": "node/4685791993"
    },
    {
      "type": "Feature",
      "properties": {
        "@id": "node/4685792396",
        "amenity": "police",
        "name": "Patrolling Police Missa Kaswal",
        "name:en": "Patrolling Police Missa Kaswal"
      },
      "geometry": {
        "type": "Point",
        "coordinates": [
          73.3767323,
          33.173086
        ]
      },
      "id": "node/4685792396"
    },
    {
      "type": "Feature",
      "properties": {
        "@id": "node/4685792590",
        "amenity": "police",
        "name": "Patrolling Police Chak Akka",
        "name:en": "Patrolling Police Chak Akka"
      },
      "geometry": {
        "type": "Point",
        "coordinates": [
          73.6403839,
          33.0158189
        ]
      },
      "id": "node/4685792590"
    },
    {
      "type": "Feature",
      "properties": {
        "@id": "node/4686191689",
        "amenity": "police",
        "name": "Patrolling Police Misri More",
        "name:en": "Patrolling Police Misri More"
      },
      "geometry": {
        "type": "Point",
        "coordinates": [
          73.5092491,
          32.6986854
        ]
      },
      "id": "node/4686191689"
    },
    {
      "type": "Feature",
      "properties": {
        "@id": "node/4686191789",
        "amenity": "police",
        "name": "Patrolling Police Lilla More",
        "name:en": "Patrolling Police Lilla More"
      },
      "geometry": {
        "type": "Point",
        "coordinates": [
          73.0380461,
          32.5955546
        ]
      },
      "id": "node/4686191789"
    },
    {
      "type": "Feature",
      "properties": {
        "@id": "node/4734266941",
        "addr:city": "Karachi",
        "addr:street": "Stadium Road",
        "amenity": "police",
        "name": "New Town Police Station"
      },
      "geometry": {
        "type": "Point",
        "coordinates": [
          67.0604742,
          24.8888121
        ]
      },
      "id": "node/4734266941"
    },
    {
      "type": "Feature",
      "properties": {
        "@id": "node/4736465022",
        "addr:housenumber": "2",
        "addr:street": "parich khel",
        "amenity": "courthouse"
      },
      "geometry": {
        "type": "Point",
        "coordinates": [
          71.761689,
          34.1827222
        ]
      },
      "id": "node/4736465022"
    },
    {
      "type": "Feature",
      "properties": {
        "@id": "node/4737620846",
        "addr:city": "Karachi",
        "addr:place": "Faisal Cantonment",
        "addr:province": "Sindh",
        "addr:street": "Shahrah e Faisal",
        "amenity": "police",
        "name": "Airport Police Station"
      },
      "geometry": {
        "type": "Point",
        "coordinates": [
          67.1483399,
          24.8871814
        ]
      },
      "id": "node/4737620846"
    },
    {
      "type": "Feature",
      "properties": {
        "@id": "node/4737748610",
        "addr:city": "Karachi",
        "amenity": "police",
        "name": "Malir Police Station"
      },
      "geometry": {
        "type": "Point",
        "coordinates": [
          67.1930335,
          24.8749432
        ]
      },
      "id": "node/4737748610"
    },
    {
      "type": "Feature",
      "properties": {
        "@id": "node/4737753429",
        "addr:city": "Karachi",
        "addr:street": "National Highway",
        "amenity": "courthouse",
        "name": "District and Session Courts Malir"
      },
      "geometry": {
        "type": "Point",
        "coordinates": [
          67.1944722,
          24.8741211
        ]
      },
      "id": "node/4737753429"
    },
    {
      "type": "Feature",
      "properties": {
        "@id": "node/4738187736",
        "addr:city": "Karachi",
        "addr:country": "PK",
        "addr:place": "North Nazimabad Block E",
        "addr:province": "Sindh",
        "addr:street": "Yasin Malik Road",
        "amenity": "police",
        "name": "Hydri Police Station"
      },
      "geometry": {
        "type": "Point",
        "coordinates": [
          67.0408456,
          24.9375669
        ]
      },
      "id": "node/4738187736"
    },
    {
      "type": "Feature",
      "properties": {
        "@id": "node/4741158328",
        "addr:street": "Kala Dev",
        "amenity": "police",
        "name": "Home",
        "name:en": "Home"
      },
      "geometry": {
        "type": "Point",
        "coordinates": [
          73.7581535,
          32.9741898
        ]
      },
      "id": "node/4741158328"
    },
    {
      "type": "Feature",
      "properties": {
        "@id": "node/4741607552",
        "addr:city": "Karachi",
        "addr:street": "Sector Q",
        "amenity": "police",
        "name": "Gulshan e Maymar Police Station"
      },
      "geometry": {
        "type": "Point",
        "coordinates": [
          67.1428722,
          25.0319765
        ]
      },
      "id": "node/4741607552"
    },
    {
      "type": "Feature",
      "properties": {
        "@id": "node/4745038422",
        "amenity": "police",
        "name": "police post",
        "name:en": "police post"
      },
      "geometry": {
        "type": "Point",
        "coordinates": [
          66.9680447,
          30.1741391
        ]
      },
      "id": "node/4745038422"
    },
    {
      "type": "Feature",
      "properties": {
        "@id": "node/4746747425",
        "amenity": "courthouse",
        "name": "Sessions Court - Khanewal",
        "name:en": "sessions court khanewal"
      },
      "geometry": {
        "type": "Point",
        "coordinates": [
          71.9275184,
          30.3023992
        ]
      },
      "id": "node/4746747425"
    },
    {
      "type": "Feature",
      "properties": {
        "@id": "node/4746750724",
        "amenity": "police",
        "name": "District police office",
        "name:en": "District police office"
      },
      "geometry": {
        "type": "Point",
        "coordinates": [
          71.9258042,
          30.3024569
        ]
      },
      "id": "node/4746750724"
    },
    {
      "type": "Feature",
      "properties": {
        "@id": "node/4746755622",
        "amenity": "police",
        "name": "City police station",
        "name:en": "City police station"
      },
      "geometry": {
        "type": "Point",
        "coordinates": [
          71.9245178,
          30.3007345
        ]
      },
      "id": "node/4746755622"
    },
    {
      "type": "Feature",
      "properties": {
        "@id": "node/4758017031",
        "addr:city": "Karachi",
        "amenity": "police",
        "name": "Dalmia Police Chowki"
      },
      "geometry": {
        "type": "Point",
        "coordinates": [
          67.1023358,
          24.9042129
        ]
      },
      "id": "node/4758017031"
    },
    {
      "type": "Feature",
      "properties": {
        "@id": "node/4764643870",
        "addr:city": "Karachi",
        "addr:street": "Fatima Road",
        "amenity": "police",
        "name": "Saudabad Police Station"
      },
      "geometry": {
        "type": "Point",
        "coordinates": [
          67.1841853,
          24.8848061
        ]
      },
      "id": "node/4764643870"
    },
    {
      "type": "Feature",
      "properties": {
        "@id": "node/4767610977",
        "addr:city": "Karachi",
        "amenity": "police",
        "name": "Malir Cantt Police Station"
      },
      "geometry": {
        "type": "Point",
        "coordinates": [
          67.2069143,
          24.9372457
        ]
      },
      "id": "node/4767610977"
    },
    {
      "type": "Feature",
      "properties": {
        "@id": "node/4767920574",
        "addr:city": "Karachi",
        "addr:street": "Azeem Pura Road",
        "amenity": "police",
        "name": "Shah Faisal Police Station"
      },
      "geometry": {
        "type": "Point",
        "coordinates": [
          67.1456443,
          24.8796864
        ]
      },
      "id": "node/4767920574"
    },
    {
      "type": "Feature",
      "properties": {
        "@id": "node/4769937742",
        "addr:city": "Karachi",
        "amenity": "police",
        "name": "Nasir Colony Police Choki"
      },
      "geometry": {
        "type": "Point",
        "coordinates": [
          67.1272374,
          24.8280161
        ]
      },
      "id": "node/4769937742"
    },
    {
      "type": "Feature",
      "properties": {
        "@id": "node/4773217026",
        "addr:street": "Ferozepur Road",
        "amenity": "police",
        "name": "Ichra Police Station",
        "opening_hours": "24/7",
        "phone": "042 37581419"
      },
      "geometry": {
        "type": "Point",
        "coordinates": [
          74.322854,
          31.5303505
        ]
      },
      "id": "node/4773217026"
    },
    {
      "type": "Feature",
      "properties": {
        "@id": "node/4774776641",
        "addr:street": "4th Road",
        "amenity": "police",
        "name": "New town police station",
        "opening_hours": "24/7"
      },
      "geometry": {
        "type": "Point",
        "coordinates": [
          73.0679627,
          33.6380479
        ]
      },
      "id": "node/4774776641"
    },
    {
      "type": "Feature",
      "properties": {
        "@id": "node/4783144479",
        "addr:city": "Karachi",
        "addr:street": "National Highway",
        "amenity": "police",
        "name": "Shah Latif Police Station"
      },
      "geometry": {
        "type": "Point",
        "coordinates": [
          67.2695548,
          24.8565921
        ]
      },
      "id": "node/4783144479"
    },
    {
      "type": "Feature",
      "properties": {
        "@id": "node/4785718475",
        "addr:city": "Karachi",
        "addr:street": "Godhra Road",
        "amenity": "police",
        "name": "New Karachi Police Station"
      },
      "geometry": {
        "type": "Point",
        "coordinates": [
          67.070215,
          24.9790897
        ]
      },
      "id": "node/4785718475"
    },
    {
      "type": "Feature",
      "properties": {
        "@id": "node/4785718476",
        "addr:city": "Karachi",
        "addr:country": "PK",
        "addr:place": "North Nazimabad Block G",
        "addr:province": "Sindh",
        "addr:street": "Wimbeldon Road",
        "amenity": "police",
        "name": "North Nazimabad Police Station"
      },
      "geometry": {
        "type": "Point",
        "coordinates": [
          67.047838,
          24.9320296
        ]
      },
      "id": "node/4785718476"
    },
    {
      "type": "Feature",
      "properties": {
        "@id": "node/4785718477",
        "addr:city": "Karachi",
        "addr:street": "Badar Chowk Road",
        "amenity": "police",
        "name": "Mominabad Police Station"
      },
      "geometry": {
        "type": "Point",
        "coordinates": [
          66.9977663,
          24.9332692
        ]
      },
      "id": "node/4785718477"
    },
    {
      "type": "Feature",
      "properties": {
        "@id": "node/4785718479",
        "addr:city": "Karachi",
        "addr:street": "Mehmoodabad Road",
        "amenity": "police",
        "name": "Mehmodabad Police Station"
      },
      "geometry": {
        "type": "Point",
        "coordinates": [
          67.066686,
          24.8482445
        ]
      },
      "id": "node/4785718479"
    },
    {
      "type": "Feature",
      "properties": {
        "@id": "node/4785718480",
        "addr:city": "Karachi",
        "addr:street": "Shaheed-e-Millat Express Way",
        "amenity": "police",
        "name": "Baloch Colony Police Station"
      },
      "geometry": {
        "type": "Point",
        "coordinates": [
          67.0839612,
          24.8433449
        ]
      },
      "id": "node/4785718480"
    },
    {
      "type": "Feature",
      "properties": {
        "@id": "node/4785718483",
        "addr:city": "Karachi",
        "addr:country": "PK",
        "addr:place": "DHA Phase 2 Extension",
        "addr:postcode": "75500",
        "addr:province": "Sindh",
        "addr:street": "Korangi Road",
        "amenity": "police",
        "name": "Defence Police Station"
      },
      "geometry": {
        "type": "Point",
        "coordinates": [
          67.0749899,
          24.8328573
        ]
      },
      "id": "node/4785718483"
    },
    {
      "type": "Feature",
      "properties": {
        "@id": "node/4785718484",
        "addr:city": "Karachi",
        "addr:country": "PK",
        "addr:place": "DHA Phase 8",
        "addr:street": "Saba Ave",
        "amenity": "police",
        "name": "Darakhshan Police Station"
      },
      "geometry": {
        "type": "Point",
        "coordinates": [
          67.0652486,
          24.7787148
        ]
      },
      "id": "node/4785718484"
    },
    {
      "type": "Feature",
      "properties": {
        "@id": "node/4785718485",
        "addr:city": "Karachi",
        "addr:country": "PK",
        "addr:place": "Clifton Block 8",
        "addr:street": "Frere Police Station Road",
        "addr:suburb": "Clifton",
        "amenity": "police",
        "name": "Frere Town Police Station"
      },
      "geometry": {
        "type": "Point",
        "coordinates": [
          67.035048,
          24.8373837
        ]
      },
      "id": "node/4785718485"
    },
    {
      "type": "Feature",
      "properties": {
        "@id": "node/4785718486",
        "addr:city": "Karachi",
        "addr:street": "Sir Shah Muhammad Suleman Road",
        "amenity": "police",
        "name": "Aziz Bhatti Police Station"
      },
      "geometry": {
        "type": "Point",
        "coordinates": [
          67.0766199,
          24.8987437
        ]
      },
      "id": "node/4785718486"
    },
    {
      "type": "Feature",
      "properties": {
        "@id": "node/4785718489",
        "addr:city": "Karachi",
        "addr:street": "Abul Hasan Isphani Road",
        "amenity": "police",
        "name": "Mobina Town Police Station"
      },
      "geometry": {
        "type": "Point",
        "coordinates": [
          67.1007538,
          24.9390283
        ]
      },
      "id": "node/4785718489"
    },
    {
      "type": "Feature",
      "properties": {
        "@id": "node/4785718490",
        "addr:city": "Karachi",
        "addr:street": "Hijri Road",
        "amenity": "police",
        "name": "Gulzar-e-Hijri Police Station"
      },
      "geometry": {
        "type": "Point",
        "coordinates": [
          67.1056483,
          24.9497827
        ]
      },
      "id": "node/4785718490"
    },
    {
      "type": "Feature",
      "properties": {
        "@id": "node/4785718491",
        "addr:city": "Karachi",
        "addr:street": "Shahrah Noor Jahan",
        "amenity": "police",
        "name": "Ajmer Nagri Police Station"
      },
      "geometry": {
        "type": "Point",
        "coordinates": [
          67.0530054,
          24.9856
        ]
      },
      "id": "node/4785718491"
    },
    {
      "type": "Feature",
      "properties": {
        "@id": "node/4785718493",
        "addr:city": "Karachi",
        "addr:street": "Khwaja Shamsuudin Azeemi Road",
        "amenity": "police",
        "name": "Surjani Town Police Station"
      },
      "geometry": {
        "type": "Point",
        "coordinates": [
          67.0637935,
          25.0210024
        ]
      },
      "id": "node/4785718493"
    },
    {
      "type": "Feature",
      "properties": {
        "@id": "node/4785775154",
        "addr:city": "کراچی",
        "addr:city:ar": "كراتشي",
        "addr:city:en": "Karachi",
        "addr:city:ks": "کَرٲچی",
        "addr:city:pnb": "کراچی",
        "addr:city:ps": "کراچۍ",
        "addr:city:sd": "ڪراچي",
        "addr:city:ur": "کراچی",
        "addr:street": "Hiranand Street",
        "amenity": "police",
        "name": "Garden Police Station"
      },
      "geometry": {
        "type": "Point",
        "coordinates": [
          67.0181803,
          24.8700724
        ]
      },
      "id": "node/4785775154"
    },
    {
      "type": "Feature",
      "properties": {
        "@id": "node/4785775157",
        "addr:city": "Karachi",
        "addr:street": "East  Wharf Road Keamari",
        "amenity": "police",
        "name": "Jackson Police Station"
      },
      "geometry": {
        "type": "Point",
        "coordinates": [
          66.9766719,
          24.8205018
        ]
      },
      "id": "node/4785775157"
    },
    {
      "type": "Feature",
      "properties": {
        "@id": "node/4785775160",
        "addr:city": "Karachi",
        "addr:street": "Nishtar Road",
        "amenity": "police",
        "name": "Garden Traffic Police Station"
      },
      "geometry": {
        "type": "Point",
        "coordinates": [
          67.0217762,
          24.8774157
        ]
      },
      "id": "node/4785775160"
    },
    {
      "type": "Feature",
      "properties": {
        "@id": "node/4785775161",
        "addr:city": "Karachi",
        "addr:street": "Martin Road",
        "amenity": "police",
        "name": "PIB Police Station"
      },
      "geometry": {
        "type": "Point",
        "coordinates": [
          67.0498427,
          24.891823
        ]
      },
      "id": "node/4785775161"
    },
    {
      "type": "Feature",
      "properties": {
        "@id": "node/4785775162",
        "addr:city": "Karachi",
        "addr:street": "Moulvi Tamizuddin Khan Road",
        "amenity": "police",
        "name": "PIDC Traffic Police Station"
      },
      "geometry": {
        "type": "Point",
        "coordinates": [
          67.0245386,
          24.8466753
        ]
      },
      "id": "node/4785775162"
    },
    {
      "type": "Feature",
      "properties": {
        "@id": "node/4785775164",
        "addr:city": "Karachi",
        "addr:street": "Nishtar Road",
        "amenity": "police",
        "name": "Risala Police Station"
      },
      "geometry": {
        "type": "Point",
        "coordinates": [
          67.0049782,
          24.8592003
        ]
      },
      "id": "node/4785775164"
    },
    {
      "type": "Feature",
      "properties": {
        "@id": "node/4785775165",
        "addr:city": "Karachi",
        "addr:housenumber": "V2GH+5FR",
        "addr:street": "Gule Rana Colony Gul e Rana Colony Soldier Bazaar,",
        "amenity": "police",
        "name": "Soldier Bazar Police Station"
      },
      "geometry": {
        "type": "Point",
        "coordinates": [
          67.0288571,
          24.8750561
        ]
      },
      "id": "node/4785775165"
    },
    {
      "type": "Feature",
      "properties": {
        "@id": "node/4785775167",
        "addr:city": "Karachi",
        "addr:street": "Shahrah e Faisal",
        "amenity": "police",
        "name": "Saddar Police Station"
      },
      "geometry": {
        "type": "Point",
        "coordinates": [
          67.0484132,
          24.8580022
        ]
      },
      "id": "node/4785775167"
    },
    {
      "type": "Feature",
      "properties": {
        "@id": "node/4785775168",
        "addr:city": "Karachi",
        "addr:street": "Hiranand Street",
        "amenity": "police",
        "name": "Nabi Bux & Garden Police Station"
      },
      "geometry": {
        "type": "Point",
        "coordinates": [
          67.0173085,
          24.869583
        ]
      },
      "id": "node/4785775168"
    },
    {
      "type": "Feature",
      "properties": {
        "@id": "node/4785775169",
        "addr:city": "Karachi",
        "addr:street": "Fakhruddin Valika Road",
        "amenity": "police",
        "name": "SITE Police Station"
      },
      "geometry": {
        "type": "Point",
        "coordinates": [
          66.9968733,
          24.9068299
        ]
      },
      "id": "node/4785775169"
    },
    {
      "type": "Feature",
      "properties": {
        "@id": "node/4785855519",
        "addr:city": "Karachi",
        "addr:street": "Landhi Road",
        "amenity": "police",
        "name": "Awami Colony Police Station Korangi No 4"
      },
      "geometry": {
        "type": "Point",
        "coordinates": [
          67.1594034,
          24.826817
        ]
      },
      "id": "node/4785855519"
    },
    {
      "type": "Feature",
      "properties": {
        "@id": "node/4785855520",
        "addr:city": "Karachi",
        "addr:street": "Landhi Road",
        "amenity": "police",
        "name": "Anti Narcotics Police Station"
      },
      "geometry": {
        "type": "Point",
        "coordinates": [
          67.15212,
          24.8341356
        ]
      },
      "id": "node/4785855520"
    },
    {
      "type": "Feature",
      "properties": {
        "@id": "node/4785857322",
        "addr:city": "Karachi",
        "addr:street": "Liaqat Road",
        "amenity": "police",
        "name": "Khokrapar Police Station"
      },
      "geometry": {
        "type": "Point",
        "coordinates": [
          67.2149476,
          24.9022773
        ]
      },
      "id": "node/4785857322"
    },
    {
      "type": "Feature",
      "properties": {
        "@id": "node/4785857323",
        "addr:city": "Karachi",
        "addr:street": "Begum Khursheed Road",
        "amenity": "police",
        "name": "AL FALAH POLICE STATION"
      },
      "geometry": {
        "type": "Point",
        "coordinates": [
          67.1975374,
          24.9028202
        ]
      },
      "id": "node/4785857323"
    },
    {
      "type": "Feature",
      "properties": {
        "@id": "node/4785857325",
        "addr:city": "Karachi",
        "addr:place": "Faisal Cantonment",
        "addr:province": "Sindh",
        "addr:street": "Shahrah e Faisal",
        "amenity": "police",
        "name": "Shahrah e Faisal Police Station",
        "operator": "Sindh Police"
      },
      "geometry": {
        "type": "Point",
        "coordinates": [
          67.1269481,
          24.8874409
        ]
      },
      "id": "node/4785857325"
    },
    {
      "type": "Feature",
      "properties": {
        "@id": "node/4785857326",
        "addr:city": "Karachi",
        "addr:street": "Ameer Khusro Rd",
        "amenity": "police",
        "name": "BAHADURABAD Police Station"
      },
      "geometry": {
        "type": "Point",
        "coordinates": [
          67.0836704,
          24.8833344
        ]
      },
      "id": "node/4785857326"
    },
    {
      "type": "Feature",
      "properties": {
        "@id": "node/4785857327",
        "addr:city": "Karachi",
        "addr:street": "Manghopir Road",
        "amenity": "police",
        "name": "Manghopir Police Station"
      },
      "geometry": {
        "type": "Point",
        "coordinates": [
          67.0386799,
          24.9847442
        ]
      },
      "id": "node/4785857327"
    },
    {
      "type": "Feature",
      "properties": {
        "@id": "node/4785857328",
        "addr:city": "Karachi",
        "addr:street": "Belasis Street",
        "amenity": "police",
        "name": "Aram Bagh Police Station"
      },
      "geometry": {
        "type": "Point",
        "coordinates": [
          67.0088416,
          24.8518537
        ]
      },
      "id": "node/4785857328"
    },
    {
      "type": "Feature",
      "properties": {
        "@id": "node/4785857329",
        "addr:city": "Karachi",
        "addr:country": "PK",
        "addr:housenumber": "FB Area Block 1",
        "addr:place": "FB Area Block 2",
        "addr:street": "Hussainabad Street",
        "addr:suburb": "FB Area",
        "amenity": "police",
        "name": "Azizabad Police Station"
      },
      "geometry": {
        "type": "Point",
        "coordinates": [
          67.0629332,
          24.9165319
        ]
      },
      "id": "node/4785857329"
    },
    {
      "type": "Feature",
      "properties": {
        "@id": "node/4785857331",
        "addr:city": "Karachi",
        "addr:housenumber": "V26C+PM3",
        "addr:street": "Rambagh Quarter Rambagh Quarters,",
        "amenity": "police",
        "name": "Preedy Police Station"
      },
      "geometry": {
        "type": "Point",
        "coordinates": [
          67.0216111,
          24.861877
        ]
      },
      "id": "node/4785857331"
    },
    {
      "type": "Feature",
      "properties": {
        "@id": "node/4785857332",
        "addr:city": "Karachi",
        "addr:place": "Faisal Cantonment",
        "addr:province": "Sindh",
        "addr:street": "Shahrah e Faisal",
        "amenity": "police",
        "name": "S S P East Office",
        "operator": "Sindh Police"
      },
      "geometry": {
        "type": "Point",
        "coordinates": [
          67.1268591,
          24.8875752
        ]
      },
      "id": "node/4785857332"
    },
    {
      "type": "Feature",
      "properties": {
        "@id": "node/4785857334",
        "addr:city": "Karachi",
        "addr:street": "Siddiq wahab Road",
        "amenity": "police",
        "name": "Napier Police Station"
      },
      "geometry": {
        "type": "Point",
        "coordinates": [
          67.0016472,
          24.8616226
        ]
      },
      "id": "node/4785857334"
    },
    {
      "type": "Feature",
      "properties": {
        "@id": "node/4785857335",
        "addr:city": "Karachi",
        "addr:street": "Rampart Row",
        "amenity": "police",
        "name": "Baghdadi Police Station"
      },
      "geometry": {
        "type": "Point",
        "coordinates": [
          66.9951278,
          24.8596867
        ]
      },
      "id": "node/4785857335"
    },
    {
      "type": "Feature",
      "properties": {
        "@id": "node/4785857336",
        "addr:city": "Karachi",
        "addr:street": "Rampart Row",
        "amenity": "police",
        "name": "Kalri Police Station"
      },
      "geometry": {
        "type": "Point",
        "coordinates": [
          66.9944095,
          24.8594903
        ]
      },
      "id": "node/4785857336"
    },
    {
      "type": "Feature",
      "properties": {
        "@id": "node/4785857338",
        "addr:city": "Karachi",
        "addr:street": "Nawab Siddique Ali Khan Road",
        "amenity": "police",
        "name": "Gulbahar Police Station"
      },
      "geometry": {
        "type": "Point",
        "coordinates": [
          67.0318737,
          24.8937218
        ]
      },
      "id": "node/4785857338"
    },
    {
      "type": "Feature",
      "properties": {
        "@id": "node/4785866890",
        "addr:city": "Karachi",
        "addr:street": "Shahrah Sher Shah Suri",
        "amenity": "police",
        "name": "Sir Syed Town Police Station"
      },
      "geometry": {
        "type": "Point",
        "coordinates": [
          67.0622878,
          24.9680928
        ]
      },
      "id": "node/4785866890"
    },
    {
      "type": "Feature",
      "properties": {
        "@id": "node/4785866891",
        "addr:city": "Karachi",
        "amenity": "police",
        "name": "Gabol Town Police Station"
      },
      "geometry": {
        "type": "Point",
        "coordinates": [
          67.0874563,
          24.9662573
        ]
      },
      "id": "node/4785866891"
    },
    {
      "type": "Feature",
      "properties": {
        "@id": "node/4785866892",
        "addr:city": "Karachi",
        "addr:street": "Service Road",
        "amenity": "police",
        "name": "Bilal Colony Police Station"
      },
      "geometry": {
        "type": "Point",
        "coordinates": [
          67.0723872,
          24.9920005
        ]
      },
      "id": "node/4785866892"
    },
    {
      "type": "Feature",
      "properties": {
        "@id": "node/4785866893",
        "addr:city": "Karachi",
        "addr:street": "Shah Jahan Avenue",
        "amenity": "police",
        "name": "Joharabad Police Station"
      },
      "geometry": {
        "type": "Point",
        "coordinates": [
          67.0733309,
          24.9301019
        ]
      },
      "id": "node/4785866893"
    },
    {
      "type": "Feature",
      "properties": {
        "@id": "node/4785884157",
        "addr:city": "Karachi",
        "addr:country": "PK",
        "addr:place": "Nazimabad 1",
        "addr:postcode": "74700",
        "addr:province": "Sindh",
        "addr:street": "Nazimabad 1",
        "amenity": "police",
        "name": "Rizvia Police Station"
      },
      "geometry": {
        "type": "Point",
        "coordinates": [
          67.0278909,
          24.906036
        ]
      },
      "id": "node/4785884157"
    },
    {
      "type": "Feature",
      "properties": {
        "@id": "node/4785884160",
        "addr:city": "Karachi",
        "addr:street": "Dr Adeeb Rizvi Road",
        "amenity": "police",
        "name": "Orangi Town Police Station"
      },
      "geometry": {
        "type": "Point",
        "coordinates": [
          67.0057284,
          24.9384086
        ]
      },
      "id": "node/4785884160"
    },
    {
      "type": "Feature",
      "properties": {
        "@id": "node/4787758522",
        "addr:street": "Bahawalnager-Haroonabad Road",
        "amenity": "police",
        "name": "Police Station Dunga Bunga",
        "name:en": "Police Station Dunga Bunga",
        "opening_hours": "24/7"
      },
      "geometry": {
        "type": "Point",
        "coordinates": [
          73.2407118,
          29.7524067
        ]
      },
      "id": "node/4787758522"
    },
    {
      "type": "Feature",
      "properties": {
        "@id": "node/4798451124",
        "addr:postcode": "23200",
        "addr:street": "Mall Road",
        "name": "Mardan District Courts",
        "office": "lawyer",
        "opening_hours": "Mo-Sa 07:00 - 14:00"
      },
      "geometry": {
        "type": "Point",
        "coordinates": [
          72.0373087,
          34.1957806
        ]
      },
      "id": "node/4798451124"
    },
    {
      "type": "Feature",
      "properties": {
        "@id": "node/4805041124",
        "amenity": "police",
        "name": "Dalbandin police",
        "name:en": "Dalbandin police"
      },
      "geometry": {
        "type": "Point",
        "coordinates": [
          64.4063919,
          28.8880638
        ]
      },
      "id": "node/4805041124"
    },
    {
      "type": "Feature",
      "properties": {
        "@id": "node/4809964498",
        "addr:city": "Karachi",
        "addr:street": "Allama Shabbir Ahmed Usmani Road",
        "amenity": "police",
        "name": "Gulshan Police Station"
      },
      "geometry": {
        "type": "Point",
        "coordinates": [
          67.0945661,
          24.9255537
        ]
      },
      "id": "node/4809964498"
    },
    {
      "type": "Feature",
      "properties": {
        "@id": "node/4812206826",
        "amenity": "courthouse",
        "name": "home",
        "name:en": "home"
      },
      "geometry": {
        "type": "Point",
        "coordinates": [
          67.0601018,
          24.9081078
        ]
      },
      "id": "node/4812206826"
    },
    {
      "type": "Feature",
      "properties": {
        "@id": "node/4830481631",
        "addr:city": "Lahore",
        "addr:postcode": "54000",
        "addr:street": "Nabha Rd",
        "amenity": "police",
        "name": "سنٹرل پولیس آفس",
        "name:en": "Central Police Office"
      },
      "geometry": {
        "type": "Point",
        "coordinates": [
          74.3064501,
          31.5652114
        ]
      },
      "id": "node/4830481631"
    },
    {
      "type": "Feature",
      "properties": {
        "@id": "node/4863341921",
        "amenity": "police",
        "name": "Chitral Police station"
      },
      "geometry": {
        "type": "Point",
        "coordinates": [
          71.7899922,
          35.8542944
        ]
      },
      "id": "node/4863341921"
    },
    {
      "type": "Feature",
      "properties": {
        "@id": "node/4864623048",
        "amenity": "police",
        "name": "Tanda Police Station",
        "name:en": "Tanda Police Station"
      },
      "geometry": {
        "type": "Point",
        "coordinates": [
          74.3693615,
          32.702283
        ]
      },
      "id": "node/4864623048"
    },
    {
      "type": "Feature",
      "properties": {
        "@id": "node/4883101850",
        "addr:city": "Tando Allahyar",
        "addr:street": "Capital Cinema Road",
        "amenity": "police",
        "name": "Tando Allahyar Police Station"
      },
      "geometry": {
        "type": "Point",
        "coordinates": [
          68.7225958,
          25.4632768
        ]
      },
      "id": "node/4883101850"
    },
    {
      "type": "Feature",
      "properties": {
        "@id": "node/4883212226",
        "addr:city": "Tando Allahyar",
        "addr:street": "Capital Cinema Road",
        "amenity": "courthouse",
        "name": "District & Sessions Court"
      },
      "geometry": {
        "type": "Point",
        "coordinates": [
          68.7233072,
          25.4656272
        ]
      },
      "id": "node/4883212226"
    },
    {
      "type": "Feature",
      "properties": {
        "@id": "node/4883221418",
        "addr:city": "Tando Allahyar",
        "addr:street": "Hyderabad Road",
        "amenity": "police",
        "name": "15 Madadgar"
      },
      "geometry": {
        "type": "Point",
        "coordinates": [
          68.7169616,
          25.4632303
        ]
      },
      "id": "node/4883221418"
    },
    {
      "type": "Feature",
      "properties": {
        "@id": "node/4883221420",
        "addr:city": "Tando Allahyar",
        "amenity": "police",
        "name": "Police Station Section B"
      },
      "geometry": {
        "type": "Point",
        "coordinates": [
          68.7121264,
          25.4408762
        ]
      },
      "id": "node/4883221420"
    },
    {
      "type": "Feature",
      "properties": {
        "@id": "node/4883391240",
        "addr:city": "Tando Adam",
        "addr:street": "Tando Adam Bypass",
        "amenity": "police",
        "name": "Tandoadam Police Station"
      },
      "geometry": {
        "type": "Point",
        "coordinates": [
          68.6576524,
          25.7624835
        ]
      },
      "id": "node/4883391240"
    },
    {
      "type": "Feature",
      "properties": {
        "@id": "node/4887841043",
        "addr:city": "اسلام آباد",
        "addr:city:ar": "إسلام آباد",
        "addr:city:en": "Islamabad",
        "addr:city:ks": "اِسلام آبادٖ",
        "addr:city:pnb": "اسلام آباد",
        "addr:city:ps": "اسلام آباد",
        "addr:city:sd": "اسلام آباد",
        "addr:city:ur": "اسلام آباد",
        "addr:street": "Bella Road",
        "amenity": "courthouse",
        "name": "Islamabad High Court"
      },
      "geometry": {
        "type": "Point",
        "coordinates": [
          73.0169287,
          33.6702573
        ]
      },
      "id": "node/4887841043"
    },
    {
      "type": "Feature",
      "properties": {
        "@id": "node/4889712223",
        "addr:city": "اسلام آباد",
        "addr:city:ar": "إسلام آباد",
        "addr:city:en": "Islamabad",
        "addr:city:ks": "اِسلام آبادٖ",
        "addr:city:pnb": "اسلام آباد",
        "addr:city:ps": "اسلام آباد",
        "addr:city:sd": "اسلام آباد",
        "addr:city:ur": "اسلام آباد",
        "addr:street": "Gali 90",
        "amenity": "police",
        "name": "Post Office"
      },
      "geometry": {
        "type": "Point",
        "coordinates": [
          73.0384573,
          33.6850989
        ]
      },
      "id": "node/4889712223"
    },
    {
      "type": "Feature",
      "properties": {
        "@id": "node/4889712230",
        "addr:city": "اسلام آباد",
        "addr:city:ar": "إسلام آباد",
        "addr:city:en": "Islamabad",
        "addr:city:ks": "اِسلام آبادٖ",
        "addr:city:pnb": "اسلام آباد",
        "addr:city:ps": "اسلام آباد",
        "addr:city:sd": "اسلام آباد",
        "addr:city:ur": "اسلام آباد",
        "addr:street": "Service Road East G-10",
        "name": "Directorate General of Intelligence & Investigation FBR",
        "office": "lawyer"
      },
      "geometry": {
        "type": "Point",
        "coordinates": [
          73.0282271,
          33.6762163
        ]
      },
      "id": "node/4889712230"
    },
    {
      "type": "Feature",
      "properties": {
        "@id": "node/4893314022",
        "addr:postcode": "54000",
        "addr:street": "Farid Court Road",
        "email": "yiaconsultant@gmail.com",
        "name": "Yousaf Islam Associates",
        "name:en": "Yousaf Islam Associates",
        "office": "lawyer",
        "phone": "924237236169-70"
      },
      "geometry": {
        "type": "Point",
        "coordinates": [
          74.3112235,
          31.5623271
        ]
      },
      "id": "node/4893314022"
    },
    {
      "type": "Feature",
      "properties": {
        "@id": "node/4893957822",
        "addr:housenumber": "2-B",
        "addr:postcode": "54000",
        "addr:street": "Mazang Road",
        "name": "S.A.H Law Associates",
        "name:en": "S.A.H Law Associates",
        "office": "lawyer",
        "opening_hours": "Mo-Sa",
        "phone": "03334257110"
      },
      "geometry": {
        "type": "Point",
        "coordinates": [
          74.3126505,
          31.5618405
        ]
      },
      "id": "node/4893957822"
    },
    {
      "type": "Feature",
      "properties": {
        "@id": "node/4893958021",
        "addr:city": "Lahore",
        "addr:street": "Lower Mall",
        "amenity": "courthouse",
        "name": "Aiwan e Adal",
        "name:en": "Aiwan e Adal"
      },
      "geometry": {
        "type": "Point",
        "coordinates": [
          74.303611,
          31.5693202
        ]
      },
      "id": "node/4893958021"
    },
    {
      "type": "Feature",
      "properties": {
        "@id": "node/4893958421",
        "addr:housenumber": "4-A",
        "addr:postcode": "54000",
        "addr:street": "Mazang Road",
        "email": "towaseem@yahoo.com",
        "name": "Law mart",
        "name:en": "Law mart",
        "office": "lawyer",
        "opening_hours": "Mo-Sa 09:00-17:00",
        "phone": "03224944442"
      },
      "geometry": {
        "type": "Point",
        "coordinates": [
          74.3125112,
          31.5615925
        ]
      },
      "id": "node/4893958421"
    },
    {
      "type": "Feature",
      "properties": {
        "@id": "node/4903162121",
        "addr:housenumber": "39",
        "addr:postcode": "54000",
        "addr:street": "Link Farid Kot Road",
        "name": "Yousaf Islam Associates",
        "name:en": "Yousaf Islam Associates",
        "office": "lawyer",
        "opening_hours": "Mo-Sa 09:00-18:00"
      },
      "geometry": {
        "type": "Point",
        "coordinates": [
          74.3113521,
          31.5624541
        ]
      },
      "id": "node/4903162121"
    },
    {
      "type": "Feature",
      "properties": {
        "@id": "node/4905273556",
        "addr:city": "Gujranwala",
        "addr:street": "Hospital Road",
        "amenity": "courthouse",
        "name": "Banking Courts"
      },
      "geometry": {
        "type": "Point",
        "coordinates": [
          74.1967432,
          32.1732099
        ]
      },
      "id": "node/4905273556"
    },
    {
      "type": "Feature",
      "properties": {
        "@id": "node/4905273557",
        "addr:city": "Gujranwala",
        "addr:street": "Sialkot Road",
        "amenity": "courthouse",
        "name": "Drugs Court Division"
      },
      "geometry": {
        "type": "Point",
        "coordinates": [
          74.1975613,
          32.1719294
        ]
      },
      "id": "node/4905273557"
    },
    {
      "type": "Feature",
      "properties": {
        "@id": "node/4905273566",
        "addr:city": "Gujranwala",
        "addr:street": "Sialkot Road",
        "amenity": "courthouse",
        "name": "Anti Terrorist Court"
      },
      "geometry": {
        "type": "Point",
        "coordinates": [
          74.1962924,
          32.1675104
        ]
      },
      "id": "node/4905273566"
    },
    {
      "type": "Feature",
      "properties": {
        "@id": "node/4905664957",
        "addr:city": "Gujranwala",
        "addr:street": "Grand Trunk Road",
        "amenity": "police",
        "name": "City Traffic Police"
      },
      "geometry": {
        "type": "Point",
        "coordinates": [
          74.1904089,
          32.151642
        ]
      },
      "id": "node/4905664957"
    },
    {
      "type": "Feature",
      "properties": {
        "@id": "node/4905788803",
        "addr:city": "Gujranwala",
        "addr:street": "Pasrur Road",
        "amenity": "police",
        "name": "Sattelite Town Police Station"
      },
      "geometry": {
        "type": "Point",
        "coordinates": [
          74.2001206,
          32.1586835
        ]
      },
      "id": "node/4905788803"
    },
    {
      "type": "Feature",
      "properties": {
        "@id": "node/4905907936",
        "addr:city": "Kamoki",
        "addr:street": "Grand Trunk Road",
        "amenity": "police",
        "name": "Saddar Police Station"
      },
      "geometry": {
        "type": "Point",
        "coordinates": [
          74.2256152,
          31.9591084
        ]
      },
      "id": "node/4905907936"
    },
    {
      "type": "Feature",
      "properties": {
        "@id": "node/4906415721",
        "addr:city": "Lahore",
        "addr:street": "Lower Mall",
        "amenity": "courthouse",
        "name": "3",
        "name:en": "Civil Courts",
        "opening_hours": "Mo-Sa 08:00-16:00"
      },
      "geometry": {
        "type": "Point",
        "coordinates": [
          74.3036945,
          31.5695456
        ]
      },
      "id": "node/4906415721"
    },
    {
      "type": "Feature",
      "properties": {
        "@id": "node/4907133704",
        "addr:city": "Muridke",
        "addr:street": "Grand Trunk Road",
        "amenity": "police",
        "name": "City Police station"
      },
      "geometry": {
        "type": "Point",
        "coordinates": [
          74.2522195,
          31.8131907
        ]
      },
      "id": "node/4907133704"
    },
    {
      "type": "Feature",
      "properties": {
        "@id": "node/4907504317",
        "addr:city": "Kala Shah Kaku",
        "addr:street": "Grand Trunk Road",
        "amenity": "police",
        "name": "Grand Trunk Road گرینڈ ٹرنک روڈ"
      },
      "geometry": {
        "type": "Point",
        "coordinates": [
          74.2727144,
          31.7000597
        ]
      },
      "id": "node/4907504317"
    },
    {
      "type": "Feature",
      "properties": {
        "@id": "node/4907505341",
        "addr:city": "Ferozwala",
        "addr:street": "Grand Trunk Road",
        "amenity": "police",
        "name": "Ferozewala Police Station"
      },
      "geometry": {
        "type": "Point",
        "coordinates": [
          74.281527,
          31.6527804
        ]
      },
      "id": "node/4907505341"
    },
    {
      "type": "Feature",
      "properties": {
        "@id": "node/4907795559",
        "amenity": "police",
        "name": "Rahim Abad Police Station"
      },
      "geometry": {
        "type": "Point",
        "coordinates": [
          72.3385436,
          34.7698363
        ]
      },
      "id": "node/4907795559"
    },
    {
      "type": "Feature",
      "properties": {
        "@id": "node/4909374022",
        "addr:housenumber": "27",
        "addr:postcode": "54000",
        "addr:street": "Main Boulevard Muhafiz Town",
        "name": "Law mart",
        "name:en": "Law mart",
        "office": "lawyer",
        "phone": "03224944442"
      },
      "geometry": {
        "type": "Point",
        "coordinates": [
          74.2165708,
          31.4536467
        ]
      },
      "id": "node/4909374022"
    },
    {
      "type": "Feature",
      "properties": {
        "@id": "node/4910219518",
        "addr:city": "Shahdara",
        "addr:street": "Grand Trunk Road",
        "amenity": "courthouse",
        "name": "Ferozwala Tehsil Courts"
      },
      "geometry": {
        "type": "Point",
        "coordinates": [
          74.2902093,
          31.622189
        ]
      },
      "id": "node/4910219518"
    },
    {
      "type": "Feature",
      "properties": {
        "@id": "node/4912439079",
        "addr:city": "Lahore",
        "addr:street": "Sheikh Abdul Qadir Jillani Road",
        "amenity": "police",
        "name": "City Traffic Police Office"
      },
      "geometry": {
        "type": "Point",
        "coordinates": [
          74.3039047,
          31.5735958
        ]
      },
      "id": "node/4912439079"
    },
    {
      "type": "Feature",
      "properties": {
        "@id": "node/4914789573",
        "addr:city": "Lahore",
        "addr:street": "Riwaz Garden",
        "amenity": "courthouse",
        "name": "Sessions Court Lahore"
      },
      "geometry": {
        "type": "Point",
        "coordinates": [
          74.2998603,
          31.5657172
        ]
      },
      "id": "node/4914789573"
    },
    {
      "type": "Feature",
      "properties": {
        "@id": "node/4923821666",
        "addr:city": "BAHAWALPUR",
        "addr:street": "Ghaznavi Road",
        "amenity": "police",
        "name": "Cantt Police Station"
      },
      "geometry": {
        "type": "Point",
        "coordinates": [
          71.6628039,
          29.3947261
        ]
      },
      "id": "node/4923821666"
    },
    {
      "type": "Feature",
      "properties": {
        "@id": "node/4923902178",
        "addr:city": "Bahawalpur",
        "addr:street": "Bund Road (AAM-O-Khas)",
        "amenity": "police",
        "name": "Kotwali Police Station"
      },
      "geometry": {
        "type": "Point",
        "coordinates": [
          71.6755859,
          29.4012774
        ]
      },
      "id": "node/4923902178"
    },
    {
      "type": "Feature",
      "properties": {
        "@id": "node/4924836807",
        "addr:city": "Swat City",
        "addr:postcode": "19130",
        "amenity": "police",
        "name": "Tahir Abad"
      },
      "geometry": {
        "type": "Point",
        "coordinates": [
          72.3585274,
          34.7869961
        ]
      },
      "id": "node/4924836807"
    },
    {
      "type": "Feature",
      "properties": {
        "@id": "node/4926647830",
        "addr:city": "Larkana",
        "addr:street": "Larkana Naudero Lakhi Highway",
        "amenity": "police",
        "name": "تھانہ",
        "name:ar": "قسم الأمن",
        "name:en": "Police Station",
        "name:ur": "تھانہ"
      },
      "geometry": {
        "type": "Point",
        "coordinates": [
          68.2197154,
          27.5494137
        ]
      },
      "id": "node/4926647830"
    },
    {
      "type": "Feature",
      "properties": {
        "@id": "node/4933462222",
        "amenity": "police",
        "name": "Emergency Police (15)",
        "opening_hours": "24/7",
        "phone": "096615"
      },
      "geometry": {
        "type": "Point",
        "coordinates": [
          70.9113755,
          31.8273584
        ]
      },
      "id": "node/4933462222"
    },
    {
      "type": "Feature",
      "properties": {
        "@id": "node/4936156821",
        "addr:street": "Sheikhupura - Jandiala - hafizabad Road",
        "email": "nadeemyousaf1989@gmail.com",
        "name": "Sub Office, Alwakeel Law consultant",
        "name:en": "Sub Office, Alwakeel Law consultant",
        "office": "lawyer",
        "opening_hours": "24/7",
        "phone": "03214662834"
      },
      "geometry": {
        "type": "Point",
        "coordinates": [
          73.9212978,
          31.8208152
        ]
      },
      "id": "node/4936156821"
    },
    {
      "type": "Feature",
      "properties": {
        "@id": "node/4942253032",
        "amenity": "police",
        "name": "Banni Police station"
      },
      "geometry": {
        "type": "Point",
        "coordinates": [
          73.061981,
          33.6240034
        ]
      },
      "id": "node/4942253032"
    },
    {
      "type": "Feature",
      "properties": {
        "@id": "node/4945722976",
        "addr:city": "اسلام آباد",
        "addr:city:ar": "إسلام آباد",
        "addr:city:en": "Islamabad",
        "addr:city:ks": "اِسلام آبادٖ",
        "addr:city:pnb": "اسلام آباد",
        "addr:city:ps": "اسلام آباد",
        "addr:city:sd": "اسلام آباد",
        "addr:city:ur": "اسلام آباد",
        "addr:street": "اصفہانی روڈ",
        "amenity": "police",
        "name": "Secretariat Police Station",
        "name:es": "Secretaría de la Comisaría de Policía"
      },
      "geometry": {
        "type": "Point",
        "coordinates": [
          73.1067513,
          33.7272553
        ]
      },
      "id": "node/4945722976"
    },
    {
      "type": "Feature",
      "properties": {
        "@id": "node/4956663332",
        "addr:city": "اسلام آباد",
        "addr:city:ar": "إسلام آباد",
        "addr:city:en": "Islamabad",
        "addr:city:ks": "اِسلام آبادٖ",
        "addr:city:pnb": "اسلام آباد",
        "addr:city:ps": "اسلام آباد",
        "addr:city:sd": "اسلام آباد",
        "addr:city:ur": "اسلام آباد",
        "addr:street": "Ataturk Avenue (Embassy Road);Ataturk Avenue",
        "name": "Federal Service Tribunal of Pakistan",
        "office": "lawyer"
      },
      "geometry": {
        "type": "Point",
        "coordinates": [
          73.0906513,
          33.723619
        ]
      },
      "id": "node/4956663332"
    },
    {
      "type": "Feature",
      "properties": {
        "@id": "node/4957438622",
        "addr:street": "Farid Court Road",
        "name": "office of Adv. Sayd Almdar Hussain",
        "office": "lawyer"
      },
      "geometry": {
        "type": "Point",
        "coordinates": [
          74.3098684,
          31.561459
        ]
      },
      "id": "node/4957438622"
    },
    {
      "type": "Feature",
      "properties": {
        "@id": "node/4963837814",
        "addr:city": "اسلام آباد",
        "addr:city:ar": "إسلام آباد",
        "addr:city:en": "Islamabad",
        "addr:city:ks": "اِسلام آبادٖ",
        "addr:city:pnb": "اسلام آباد",
        "addr:city:ps": "اسلام آباد",
        "addr:city:sd": "اسلام آباد",
        "addr:city:ur": "اسلام آباد",
        "addr:street": "Agha Shahi (9th) Avenue",
        "amenity": "police",
        "name": "Traffic Police Office"
      },
      "geometry": {
        "type": "Point",
        "coordinates": [
          73.0321113,
          33.7063075
        ]
      },
      "id": "node/4963837814"
    },
    {
      "type": "Feature",
      "properties": {
        "@id": "node/4963936810",
        "addr:city": "اسلام آباد",
        "addr:city:ar": "إسلام آباد",
        "addr:city:en": "Islamabad",
        "addr:city:ks": "اِسلام آبادٖ",
        "addr:city:pnb": "اسلام آباد",
        "addr:city:ps": "اسلام آباد",
        "addr:city:sd": "اسلام آباد",
        "addr:city:ur": "اسلام آباد",
        "addr:street": "Johar Road",
        "amenity": "courthouse",
        "name": "Islamabad Kachehri (Lower Courts)"
      },
      "geometry": {
        "type": "Point",
        "coordinates": [
          73.0396028,
          33.7112455
        ]
      },
      "id": "node/4963936810"
    },
    {
      "type": "Feature",
      "properties": {
        "@id": "node/4965498521",
        "addr:housenumber": "4-A",
        "addr:postcode": "54000",
        "addr:street": "Mazang Road",
        "name": "Fazal e Meeran Law Chambers",
        "name:en": "Fazal e Meeran Law Chambers",
        "office": "lawyer"
      },
      "geometry": {
        "type": "Point",
        "coordinates": [
          74.3126967,
          31.5613492
        ]
      },
      "id": "node/4965498521"
    },
    {
      "type": "Feature",
      "properties": {
        "@id": "node/4967536003",
        "addr:city": "اسلام آباد",
        "addr:city:ar": "إسلام آباد",
        "addr:city:en": "Islamabad",
        "addr:city:ks": "اِسلام آبادٖ",
        "addr:city:pnb": "اسلام آباد",
        "addr:city:ps": "اسلام آباد",
        "addr:city:sd": "اسلام آباد",
        "addr:city:ur": "اسلام آباد",
        "addr:street": "Street 28",
        "amenity": "courthouse",
        "name": "Customs Appellate Tribunal"
      },
      "geometry": {
        "type": "Point",
        "coordinates": [
          73.0670855,
          33.697254
        ]
      },
      "id": "node/4967536003"
    },
    {
      "type": "Feature",
      "properties": {
        "@id": "node/4967536005",
        "addr:city": "اسلام آباد",
        "addr:city:ar": "إسلام آباد",
        "addr:city:en": "Islamabad",
        "addr:city:ks": "اِسلام آبادٖ",
        "addr:city:pnb": "اسلام آباد",
        "addr:city:ps": "اسلام آباد",
        "addr:city:sd": "اسلام آباد",
        "addr:city:ur": "اسلام آباد",
        "addr:street": "Khayaban-e-Suhrwardy",
        "amenity": "courthouse",
        "name": "Federal Shariat Court"
      },
      "geometry": {
        "type": "Point",
        "coordinates": [
          73.067404,
          33.6965591
        ]
      },
      "id": "node/4967536005"
    },
    {
      "type": "Feature",
      "properties": {
        "@id": "node/4967716624",
        "amenity": "police"
      },
      "geometry": {
        "type": "Point",
        "coordinates": [
          68.1321155,
          27.3293995
        ]
      },
      "id": "node/4967716624"
    },
    {
      "type": "Feature",
      "properties": {
        "@id": "node/4968584324",
        "amenity": "police",
        "name": "Police station",
        "name:ar": "مركز شرطة",
        "opening_hours": "24/7"
      },
      "geometry": {
        "type": "Point",
        "coordinates": [
          70.6574472,
          28.6474041
        ]
      },
      "id": "node/4968584324"
    },
    {
      "type": "Feature",
      "properties": {
        "@id": "node/4971454326",
        "amenity": "police",
        "name": "Police Club",
        "name:en": "Police Club"
      },
      "geometry": {
        "type": "Point",
        "coordinates": [
          71.6841742,
          29.4009922
        ]
      },
      "id": "node/4971454326"
    },
    {
      "type": "Feature",
      "properties": {
        "@id": "node/4991874327",
        "amenity": "courthouse",
        "name": "District Courts Buner"
      },
      "geometry": {
        "type": "Point",
        "coordinates": [
          72.465077,
          34.5048411
        ]
      },
      "id": "node/4991874327"
    },
    {
      "type": "Feature",
      "properties": {
        "@id": "node/5006126324",
        "addr:street": "Astore - Minimarg Road",
        "amenity": "police",
        "name": "army check point",
        "opening_hours": "24/7"
      },
      "geometry": {
        "type": "Point",
        "coordinates": [
          74.8608422,
          35.367025
        ]
      },
      "id": "node/5006126324"
    },
    {
      "type": "Feature",
      "properties": {
        "@id": "node/5006126429",
        "addr:street": "Astore - Minimarg Road",
        "amenity": "police",
        "name": "check post",
        "opening_hours": "24/7"
      },
      "geometry": {
        "type": "Point",
        "coordinates": [
          74.7037378,
          35.5445344
        ]
      },
      "id": "node/5006126429"
    },
    {
      "type": "Feature",
      "properties": {
        "@id": "node/5006126440",
        "amenity": "police",
        "name": "check post",
        "name:en": "check post"
      },
      "geometry": {
        "type": "Point",
        "coordinates": [
          75.6217909,
          35.1773623
        ]
      },
      "id": "node/5006126440"
    },
    {
      "type": "Feature",
      "properties": {
        "@id": "node/5006126722",
        "addr:street": "Karakoram Highway",
        "amenity": "police",
        "name": "police check post",
        "opening_hours": "24/7"
      },
      "geometry": {
        "type": "Point",
        "coordinates": [
          74.0887805,
          35.4319116
        ]
      },
      "id": "node/5006126722"
    },
    {
      "type": "Feature",
      "properties": {
        "@id": "node/5008885023",
        "amenity": "police",
        "name": "police check post",
        "name:en": "police check post"
      },
      "geometry": {
        "type": "Point",
        "coordinates": [
          75.7481476,
          35.3093241
        ]
      },
      "id": "node/5008885023"
    },
    {
      "type": "Feature",
      "properties": {
        "@id": "node/5012376522",
        "amenity": "police",
        "name": "police check post",
        "name:en": "police check post"
      },
      "geometry": {
        "type": "Point",
        "coordinates": [
          75.0558187,
          35.6340028
        ]
      },
      "id": "node/5012376522"
    },
    {
      "type": "Feature",
      "properties": {
        "@id": "node/5040099426",
        "amenity": "police",
        "name": "police check post",
        "name:en": "police check post"
      },
      "geometry": {
        "type": "Point",
        "coordinates": [
          74.297747,
          36.1384051
        ]
      },
      "id": "node/5040099426"
    },
    {
      "type": "Feature",
      "properties": {
        "@id": "node/5040106321",
        "amenity": "police",
        "name": "police check post",
        "name:en": "police check post"
      },
      "geometry": {
        "type": "Point",
        "coordinates": [
          74.3073168,
          36.2344008
        ]
      },
      "id": "node/5040106321"
    },
    {
      "type": "Feature",
      "properties": {
        "@id": "node/5049708721",
        "amenity": "police",
        "name": "Saddar Police Station",
        "name:en": "Saddar Police Station"
      },
      "geometry": {
        "type": "Point",
        "coordinates": [
          74.3805278,
          31.549517
        ]
      },
      "id": "node/5049708721"
    },
    {
      "type": "Feature",
      "properties": {
        "@id": "node/5078076321",
        "addr:housenumber": "3983-B",
        "addr:postcode": "21300",
        "addr:street": "Karakoram Highway",
        "amenity": "courthouse",
        "name": "Jamal Khan House. Shellpump Mohallah Madina Colony Dab no 2",
        "name:en": "Jamal Khan House. Shellpump Mohallah Madina Colony Dab no 2"
      },
      "geometry": {
        "type": "Point",
        "coordinates": [
          73.1961055,
          34.3185787
        ]
      },
      "id": "node/5078076321"
    },
    {
      "type": "Feature",
      "properties": {
        "@id": "node/5088577345",
        "addr:city": "Karachi",
        "amenity": "police",
        "name": "Noor Jahan Police Station"
      },
      "geometry": {
        "type": "Point",
        "coordinates": [
          67.0323949,
          24.9438158
        ]
      },
      "id": "node/5088577345"
    },
    {
      "type": "Feature",
      "properties": {
        "@id": "node/5091080689",
        "addr:city": "Karachi",
        "addr:street": "Estate Avenue",
        "amenity": "police",
        "name": "Police Station S.I.T.E"
      },
      "geometry": {
        "type": "Point",
        "coordinates": [
          66.9751511,
          24.8834748
        ]
      },
      "id": "node/5091080689"
    },
    {
      "type": "Feature",
      "properties": {
        "@id": "node/5091605505",
        "addr:city": "کراچی",
        "addr:city:ar": "كراتشي",
        "addr:city:en": "Karachi",
        "addr:city:ks": "کَرٲچی",
        "addr:city:pnb": "کراچی",
        "addr:city:ps": "کراچۍ",
        "addr:city:sd": "ڪراچي",
        "addr:city:ur": "کراچی",
        "addr:street": "Hawks Bay Road",
        "amenity": "police",
        "name": "Mauripur Police Station"
      },
      "geometry": {
        "type": "Point",
        "coordinates": [
          66.9224475,
          24.8701067
        ]
      },
      "id": "node/5091605505"
    },
    {
      "type": "Feature",
      "properties": {
        "@id": "node/5100535619",
        "addr:city": "Karachi",
        "addr:place": "Orangi Town",
        "amenity": "police",
        "name": "Pakistan Bazar Police Station"
      },
      "geometry": {
        "type": "Point",
        "coordinates": [
          66.9932157,
          24.982393
        ]
      },
      "id": "node/5100535619"
    },
    {
      "type": "Feature",
      "properties": {
        "@id": "node/5103425091",
        "addr:city": "Karachi",
        "addr:place": "Landhi",
        "addr:street": "Mehran Highway",
        "amenity": "police",
        "name": "Qaidabad Police Station"
      },
      "geometry": {
        "type": "Point",
        "coordinates": [
          67.2142504,
          24.8377808
        ]
      },
      "id": "node/5103425091"
    },
    {
      "type": "Feature",
      "properties": {
        "@id": "node/5103425096",
        "addr:city": "Karachi",
        "addr:place": "Landhi",
        "addr:street": "Mehran Highway",
        "amenity": "police",
        "name": "Sharpao Police Station"
      },
      "geometry": {
        "type": "Point",
        "coordinates": [
          67.2151415,
          24.8385788
        ]
      },
      "id": "node/5103425096"
    },
    {
      "type": "Feature",
      "properties": {
        "@id": "node/5103892721",
        "amenity": "police",
        "name": "Dharampura Police Station"
      },
      "geometry": {
        "type": "Point",
        "coordinates": [
          74.3681317,
          31.5513938
        ]
      },
      "id": "node/5103892721"
    },
    {
      "type": "Feature",
      "properties": {
        "@id": "node/5107377723",
        "addr:postcode": "23200",
        "addr:street": "Mall Road",
        "name": "Mardan District Courts",
        "office": "lawyer"
      },
      "geometry": {
        "type": "Point",
        "coordinates": [
          72.0370473,
          34.195843
        ]
      },
      "id": "node/5107377723"
    },
    {
      "type": "Feature",
      "properties": {
        "@id": "node/5107524358",
        "addr:city": "Karachi",
        "addr:street": "Court Road",
        "amenity": "courthouse",
        "name": "Sindh High Court"
      },
      "geometry": {
        "type": "Point",
        "coordinates": [
          67.0214919,
          24.8564987
        ]
      },
      "id": "node/5107524358"
    },
    {
      "type": "Feature",
      "properties": {
        "@id": "node/5119465022",
        "addr:city": "Kemari Town",
        "addr:street": "Hub Chowki Road",
        "amenity": "police",
        "name": "Saeedabad Police Station"
      },
      "geometry": {
        "type": "Point",
        "coordinates": [
          66.9472315,
          24.9206902
        ]
      },
      "id": "node/5119465022"
    },
    {
      "type": "Feature",
      "properties": {
        "@id": "node/5119617925",
        "addr:city": "Saddar Town",
        "addr:street": "M.A. Jinnah Road",
        "amenity": "courthouse",
        "email": "info@districtcourtwest.gos.pk",
        "fax": "(021) 99215018",
        "name": "City Court South Building",
        "operator": "Sindh Government",
        "phone": "(021) 99215542",
        "website": "http://www.districtcourtwest.gos.pk"
      },
      "geometry": {
        "type": "Point",
        "coordinates": [
          67.0070758,
          24.8547895
        ]
      },
      "id": "node/5119617925"
    },
    {
      "type": "Feature",
      "properties": {
        "@id": "node/5119721589",
        "amenity": "courthouse",
        "name": "City Court"
      },
      "geometry": {
        "type": "Point",
        "coordinates": [
          67.0054719,
          24.8558392
        ]
      },
      "id": "node/5119721589"
    },
    {
      "type": "Feature",
      "properties": {
        "@id": "node/5129847123",
        "amenity": "police",
        "name": "Special Branch Police Station Karachi"
      },
      "geometry": {
        "type": "Point",
        "coordinates": [
          67.0465258,
          24.8779869
        ]
      },
      "id": "node/5129847123"
    },
    {
      "type": "Feature",
      "properties": {
        "@id": "node/5133037351",
        "addr:city": "Karachi",
        "addr:street": "Super Highway",
        "amenity": "police",
        "name": "Gadap Police Station - Super Highway"
      },
      "geometry": {
        "type": "Point",
        "coordinates": [
          67.2158901,
          24.9848143
        ]
      },
      "id": "node/5133037351"
    },
    {
      "type": "Feature",
      "properties": {
        "@id": "node/5133370635",
        "addr:city": "Karachi",
        "addr:street": "Landhi Road",
        "amenity": "police",
        "name": "Landhi Police Station"
      },
      "geometry": {
        "type": "Point",
        "coordinates": [
          67.1825665,
          24.838013
        ]
      },
      "id": "node/5133370635"
    },
    {
      "type": "Feature",
      "properties": {
        "@id": "node/5133425774",
        "addr:city": "Karachi",
        "addr:street": "Landhi Road",
        "amenity": "police",
        "name": "Landhi Police Lines"
      },
      "geometry": {
        "type": "Point",
        "coordinates": [
          67.1828221,
          24.8376834
        ]
      },
      "id": "node/5133425774"
    },
    {
      "type": "Feature",
      "properties": {
        "@id": "node/5140116423",
        "amenity": "police"
      },
      "geometry": {
        "type": "Point",
        "coordinates": [
          74.9831952,
          32.2213349
        ]
      },
      "id": "node/5140116423"
    },
    {
      "type": "Feature",
      "properties": {
        "@id": "node/5142392449",
        "addr:city": "Saddar Town",
        "addr:street": "Abdullah Haroon Road",
        "amenity": "police",
        "name": "CPLC - Citizen Police"
      },
      "geometry": {
        "type": "Point",
        "coordinates": [
          67.027753,
          24.8523482
        ]
      },
      "id": "node/5142392449"
    },
    {
      "type": "Feature",
      "properties": {
        "@id": "node/5142917280",
        "addr:city": "Karachi",
        "addr:street": "Sir Ghulam Hussain Hidayat Allah Road",
        "amenity": "courthouse",
        "name": "Sindh High Court Annexe Building-II"
      },
      "geometry": {
        "type": "Point",
        "coordinates": [
          67.0226984,
          24.8565204
        ]
      },
      "id": "node/5142917280"
    },
    {
      "type": "Feature",
      "properties": {
        "@id": "node/5144995460",
        "addr:city": "Karachi",
        "addr:street": "TCF School Road",
        "amenity": "police",
        "name": "Sindh Reserve Police"
      },
      "geometry": {
        "type": "Point",
        "coordinates": [
          67.0780797,
          24.8353869
        ]
      },
      "id": "node/5144995460"
    },
    {
      "type": "Feature",
      "properties": {
        "@id": "node/5149506958",
        "addr:city": "Karachi",
        "addr:street": "Shahrah e Faisal",
        "amenity": "police",
        "name": "Karachi Police Office (KPO)"
      },
      "geometry": {
        "type": "Point",
        "coordinates": [
          67.0482265,
          24.8586213
        ]
      },
      "id": "node/5149506958"
    },
    {
      "type": "Feature",
      "properties": {
        "@id": "node/5153777082",
        "addr:city": "Karachi",
        "addr:street": "Korangi Road",
        "amenity": "police",
        "name": "HQ Rapid Response Force"
      },
      "geometry": {
        "type": "Point",
        "coordinates": [
          67.130676,
          24.8037219
        ]
      },
      "id": "node/5153777082"
    },
    {
      "type": "Feature",
      "properties": {
        "@id": "node/5156526988",
        "addr:city": "Karachi",
        "addr:street": "Korangi Road",
        "amenity": "police",
        "name": "CPLC"
      },
      "geometry": {
        "type": "Point",
        "coordinates": [
          67.1260964,
          24.8380448
        ]
      },
      "id": "node/5156526988"
    },
    {
      "type": "Feature",
      "properties": {
        "@id": "node/5159027404",
        "addr:city": "Karachi",
        "addr:street": "Sarwar Shaheed Rd",
        "amenity": "courthouse",
        "name": "Labour Court"
      },
      "geometry": {
        "type": "Point",
        "coordinates": [
          67.026106,
          24.8558884
        ]
      },
      "id": "node/5159027404"
    },
    {
      "type": "Feature",
      "properties": {
        "@id": "node/5159216084",
        "addr:city": "Karachi",
        "addr:street": "Orangi Town",
        "amenity": "police",
        "name": "Pakistan Bazar Police Chowki"
      },
      "geometry": {
        "type": "Point",
        "coordinates": [
          66.9815362,
          24.9584955
        ]
      },
      "id": "node/5159216084"
    },
    {
      "type": "Feature",
      "properties": {
        "@id": "node/5162828836",
        "addr:city": "Karachi",
        "addr:street": "Mir Muhammad Balouch Road",
        "amenity": "police",
        "name": "SSP City District Office"
      },
      "geometry": {
        "type": "Point",
        "coordinates": [
          66.9952387,
          24.8592847
        ]
      },
      "id": "node/5162828836"
    },
    {
      "type": "Feature",
      "properties": {
        "@id": "node/5169294921",
        "amenity": "police",
        "name": "Police choki Tapyala",
        "name:en": "Police choki Tapyala"
      },
      "geometry": {
        "type": "Point",
        "coordinates": [
          74.8790056,
          32.2259616
        ]
      },
      "id": "node/5169294921"
    },
    {
      "type": "Feature",
      "properties": {
        "@id": "node/5176470449",
        "addr:city": "Karachi",
        "addr:street": "Hub Chowki Road",
        "amenity": "police",
        "name": "NH MP Hub Beat"
      },
      "geometry": {
        "type": "Point",
        "coordinates": [
          66.919723,
          24.9633703
        ]
      },
      "id": "node/5176470449"
    },
    {
      "type": "Feature",
      "properties": {
        "@id": "node/5181769121",
        "addr:housenumber": "8-A",
        "addr:postcode": "54791",
        "addr:street": "Khayaba-e-Jinnah",
        "email": "law@atcrice.com",
        "name": "Barrister Najaf Shah",
        "name:en": "Barrister Najaf Shah",
        "office": "lawyer",
        "opening_hours": "Su-Fr 09:00-17:00",
        "phone": "+924235722981"
      },
      "geometry": {
        "type": "Point",
        "coordinates": [
          74.3830947,
          31.4867242
        ]
      },
      "id": "node/5181769121"
    },
    {
      "type": "Feature",
      "properties": {
        "@id": "node/5192095621",
        "addr:street": "Chakwal Talagang Rd",
        "amenity": "police",
        "name": "15 traffic police station",
        "phone": "000000015"
      },
      "geometry": {
        "type": "Point",
        "coordinates": [
          72.8487325,
          32.9323116
        ]
      },
      "id": "node/5192095621"
    },
    {
      "type": "Feature",
      "properties": {
        "@id": "node/5216092722",
        "amenity": "police",
        "name": "police station bilitang"
      },
      "geometry": {
        "type": "Point",
        "coordinates": [
          71.5658292,
          33.5299555
        ]
      },
      "id": "node/5216092722"
    },
    {
      "type": "Feature",
      "properties": {
        "@id": "node/5217715772",
        "addr:city": "Karachi",
        "addr:street": "National Highway",
        "amenity": "police",
        "name": "Quaidabad Traffic Section Zone"
      },
      "geometry": {
        "type": "Point",
        "coordinates": [
          67.2169058,
          24.8550326
        ]
      },
      "id": "node/5217715772"
    },
    {
      "type": "Feature",
      "properties": {
        "@id": "node/5218044291",
        "addr:city": "مکلی",
        "addr:street": "قومی شاہراہ",
        "amenity": "police",
        "name": "Police Station Makli Thatta"
      },
      "geometry": {
        "type": "Point",
        "coordinates": [
          67.8989304,
          24.7507117
        ]
      },
      "id": "node/5218044291"
    },
    {
      "type": "Feature",
      "properties": {
        "@id": "node/5218044306",
        "addr:city": "ٹھٹہ",
        "addr:street": "National Highway",
        "amenity": "police",
        "name": "تھانہ",
        "name:ar": "قسم الأمن",
        "name:en": "Police Station",
        "name:ur": "تھانہ"
      },
      "geometry": {
        "type": "Point",
        "coordinates": [
          67.9270958,
          24.7542236
        ]
      },
      "id": "node/5218044306"
    },
    {
      "type": "Feature",
      "properties": {
        "@id": "node/5218044313",
        "addr:city": "Thatta",
        "addr:street": "National Highway",
        "amenity": "police",
        "name": "Police Station Keenjher Lake"
      },
      "geometry": {
        "type": "Point",
        "coordinates": [
          68.0735436,
          24.9151074
        ]
      },
      "id": "node/5218044313"
    },
    {
      "type": "Feature",
      "properties": {
        "@id": "node/5219504543",
        "addr:city": "حیدرآباد",
        "addr:city:en": "Hyderabad",
        "addr:city:fr": "Hyderâbâd",
        "addr:city:pa": "ਹੈਦਰਾਬਾਦ",
        "addr:city:ur": "حیدرآباد",
        "addr:street": "National Highway",
        "amenity": "police",
        "name": "Qasimabad Police Station"
      },
      "geometry": {
        "type": "Point",
        "coordinates": [
          68.3363135,
          25.3849401
        ]
      },
      "id": "node/5219504543"
    },
    {
      "type": "Feature",
      "properties": {
        "@id": "node/5221900025",
        "addr:street": "Mayar-Toru Road",
        "amenity": "police",
        "name": "B Division Police Station"
      },
      "geometry": {
        "type": "Point",
        "coordinates": [
          72.0622759,
          34.1895335
        ]
      },
      "id": "node/5221900025"
    },
    {
      "type": "Feature",
      "properties": {
        "@id": "node/5227214421",
        "addr:housenumber": "2",
        "addr:postcode": "12345",
        "addr:street": "Hafizabad Road",
        "amenity": "courthouse",
        "email": "safyan.janu@gmqil.com",
        "name": "Saikhu AA",
        "opening_hours": "24/7",
        "phone": "03476888615",
        "website": "http://dilwaly.com"
      },
      "geometry": {
        "type": "Point",
        "coordinates": [
          73.9207627,
          32.1136005
        ]
      },
      "id": "node/5227214421"
    },
    {
      "type": "Feature",
      "properties": {
        "@id": "node/5234606707",
        "addr:city": "Karachi",
        "addr:street": "Hub Chowki Road",
        "amenity": "police",
        "name": "Saeedabad Police Station"
      },
      "geometry": {
        "type": "Point",
        "coordinates": [
          66.9309575,
          24.9489359
        ]
      },
      "id": "node/5234606707"
    },
    {
      "type": "Feature",
      "properties": {
        "@id": "node/5251853751",
        "addr:city": "حیدرآباد",
        "addr:city:en": "Hyderabad",
        "addr:city:fr": "Hyderâbâd",
        "addr:city:pa": "ਹੈਦਰਾਬਾਦ",
        "addr:city:ur": "حیدرآباد",
        "addr:street": "Autobhan Road",
        "amenity": "police",
        "name": "Citizens Police Liason Committee"
      },
      "geometry": {
        "type": "Point",
        "coordinates": [
          68.3436637,
          25.3760766
        ]
      },
      "id": "node/5251853751"
    },
    {
      "type": "Feature",
      "properties": {
        "@id": "node/5251988730",
        "addr:city": "Sukkur",
        "addr:street": "IBA Sukkur",
        "amenity": "police",
        "name": "Police Station Abad"
      },
      "geometry": {
        "type": "Point",
        "coordinates": [
          68.8210338,
          27.7257435
        ]
      },
      "id": "node/5251988730"
    },
    {
      "type": "Feature",
      "properties": {
        "@id": "node/5252043341",
        "addr:city": "حیدرآباد",
        "addr:city:en": "Hyderabad",
        "addr:city:fr": "Hyderâbâd",
        "addr:city:pa": "ਹੈਦਰਾਬਾਦ",
        "addr:city:ur": "حیدرآباد",
        "addr:street": "Hyderabad Badin Road",
        "amenity": "police",
        "name": "Hyderabad SITE Police Station"
      },
      "geometry": {
        "type": "Point",
        "coordinates": [
          68.3898045,
          25.3666611
        ]
      },
      "id": "node/5252043341"
    },
    {
      "type": "Feature",
      "properties": {
        "@id": "node/5252214989",
        "addr:city": "حیدرآباد",
        "addr:city:en": "Hyderabad",
        "addr:city:fr": "Hyderâbâd",
        "addr:city:pa": "ਹੈਦਰਾਬਾਦ",
        "addr:city:ur": "حیدرآباد",
        "addr:street": "Hyderabad Bypass",
        "amenity": "police",
        "name": "Police Station Naseem Nagar Choki"
      },
      "geometry": {
        "type": "Point",
        "coordinates": [
          68.3383158,
          25.4146662
        ]
      },
      "id": "node/5252214989"
    },
    {
      "type": "Feature",
      "properties": {
        "@id": "node/5253551022",
        "amenity": "police",
        "name": "Army check Point"
      },
      "geometry": {
        "type": "Point",
        "coordinates": [
          71.5152854,
          33.7406812
        ]
      },
      "id": "node/5253551022"
    },
    {
      "type": "Feature",
      "properties": {
        "@id": "node/5253551023",
        "amenity": "police",
        "name": "Army Check Point"
      },
      "geometry": {
        "type": "Point",
        "coordinates": [
          71.506838,
          33.7338331
        ]
      },
      "id": "node/5253551023"
    },
    {
      "type": "Feature",
      "properties": {
        "@id": "node/5253791380",
        "addr:city": "Karachi",
        "addr:street": "CMH road",
        "amenity": "courthouse",
        "name": "High Court of Sindh Hyderabad"
      },
      "geometry": {
        "type": "Point",
        "coordinates": [
          68.363454,
          25.3876152
        ]
      },
      "id": "node/5253791380"
    },
    {
      "type": "Feature",
      "properties": {
        "@id": "node/5253791385",
        "addr:city": "Karachi",
        "addr:street": "Sadar Road",
        "amenity": "courthouse",
        "name": "Civil Court, Hyderabad"
      },
      "geometry": {
        "type": "Point",
        "coordinates": [
          68.3649757,
          25.3862177
        ]
      },
      "id": "node/5253791385"
    },
    {
      "type": "Feature",
      "properties": {
        "@id": "node/5253791412",
        "addr:city": "حیدرآباد",
        "addr:city:en": "Hyderabad",
        "addr:city:fr": "Hyderâbâd",
        "addr:city:pa": "ਹੈਦਰਾਬਾਦ",
        "addr:city:ur": "حیدرآباد",
        "addr:street": "Sydena Tahir Saifuddin Road",
        "amenity": "police",
        "name": "Cantt Police Station"
      },
      "geometry": {
        "type": "Point",
        "coordinates": [
          68.3635469,
          25.3925181
        ]
      },
      "id": "node/5253791412"
    },
    {
      "type": "Feature",
      "properties": {
        "@id": "node/5253791420",
        "addr:city": "حیدرآباد",
        "addr:city:en": "Hyderabad",
        "addr:city:fr": "Hyderâbâd",
        "addr:city:pa": "ਹੈਦਰਾਬਾਦ",
        "addr:city:ur": "حیدرآباد",
        "addr:street": "CMH Road",
        "amenity": "police",
        "name": "Police Headquater"
      },
      "geometry": {
        "type": "Point",
        "coordinates": [
          68.362365,
          25.3966146
        ]
      },
      "id": "node/5253791420"
    },
    {
      "type": "Feature",
      "properties": {
        "@id": "node/5254067622",
        "addr:city": "فیصل آباد",
        "addr:city:en": "Faisalabad",
        "addr:city:fr": "Faisalabad",
        "addr:city:pa": "ਫ਼ੈਸਲਾਬਾਦ",
        "addr:city:pnb": "فیصل آباد",
        "addr:city:ur": "فیصل آباد",
        "addr:street": "Zila Council Road",
        "amenity": "police",
        "name": "CPO Office Faisalabad"
      },
      "geometry": {
        "type": "Point",
        "coordinates": [
          73.0812776,
          31.4235023
        ]
      },
      "id": "node/5254067622"
    },
    {
      "type": "Feature",
      "properties": {
        "@id": "node/5254067623",
        "addr:city": "فیصل آباد",
        "addr:city:en": "Faisalabad",
        "addr:city:fr": "Faisalabad",
        "addr:city:pa": "ਫ਼ੈਸਲਾਬਾਦ",
        "addr:city:pnb": "فیصل آباد",
        "addr:city:ur": "فیصل آباد",
        "addr:street": "Zila Council Road",
        "amenity": "courthouse",
        "name": "Leisure Club Sessions House Faisalabad"
      },
      "geometry": {
        "type": "Point",
        "coordinates": [
          73.0826437,
          31.4225208
        ]
      },
      "id": "node/5254067623"
    },
    {
      "type": "Feature",
      "properties": {
        "@id": "node/5254067631",
        "addr:city": "فیصل آباد",
        "addr:city:en": "Faisalabad",
        "addr:city:fr": "Faisalabad",
        "addr:city:pa": "ਫ਼ੈਸਲਾਬਾਦ",
        "addr:city:pnb": "فیصل آباد",
        "addr:city:ur": "فیصل آباد",
        "addr:street": "Government College Road",
        "amenity": "police",
        "name": "Rail Bazar Police Station"
      },
      "geometry": {
        "type": "Point",
        "coordinates": [
          73.0839391,
          31.4184305
        ]
      },
      "id": "node/5254067631"
    },
    {
      "type": "Feature",
      "properties": {
        "@id": "node/5254139618",
        "addr:city": "فیصل آباد",
        "addr:city:en": "Faisalabad",
        "addr:city:fr": "Faisalabad",
        "addr:city:pa": "ਫ਼ੈਸਲਾਬਾਦ",
        "addr:city:pnb": "فیصل آباد",
        "addr:city:ur": "فیصل آباد",
        "addr:street": "Imam Bargah Road",
        "amenity": "police",
        "name": "Police Station Jhang Bazar"
      },
      "geometry": {
        "type": "Point",
        "coordinates": [
          73.0742049,
          31.4143653
        ]
      },
      "id": "node/5254139618"
    },
    {
      "type": "Feature",
      "properties": {
        "@id": "node/5254213560",
        "addr:city": "فیصل آباد",
        "addr:city:en": "Faisalabad",
        "addr:city:fr": "Faisalabad",
        "addr:city:pa": "ਫ਼ੈਸਲਾਬਾਦ",
        "addr:city:pnb": "فیصل آباد",
        "addr:city:ur": "فیصل آباد",
        "addr:street": "College Road",
        "amenity": "police",
        "name": "Traffic Police Office"
      },
      "geometry": {
        "type": "Point",
        "coordinates": [
          73.0648738,
          31.3919953
        ]
      },
      "id": "node/5254213560"
    },
    {
      "type": "Feature",
      "properties": {
        "@id": "node/5254213568",
        "addr:city": "فیصل آباد",
        "addr:city:en": "Faisalabad",
        "addr:city:fr": "Faisalabad",
        "addr:city:pa": "ਫ਼ੈਸਲਾਬਾਦ",
        "addr:city:pnb": "فیصل آباد",
        "addr:city:ur": "فیصل آباد",
        "addr:street": "Risalewala Road",
        "amenity": "police",
        "name": "Samanabad Police Station Faisalabad"
      },
      "geometry": {
        "type": "Point",
        "coordinates": [
          73.0496922,
          31.3843056
        ]
      },
      "id": "node/5254213568"
    },
    {
      "type": "Feature",
      "properties": {
        "@id": "node/5255250896",
        "addr:city": "Halani",
        "addr:street": "National Highway 5",
        "amenity": "police",
        "name": "Police Station Halani"
      },
      "geometry": {
        "type": "Point",
        "coordinates": [
          68.3185436,
          27.0847555
        ]
      },
      "id": "node/5255250896"
    },
    {
      "type": "Feature",
      "properties": {
        "@id": "node/5255390980",
        "addr:city": "Ranipur Riyast",
        "amenity": "police",
        "name": "Ranipur Police Station"
      },
      "geometry": {
        "type": "Point",
        "coordinates": [
          68.5051259,
          27.2860102
        ]
      },
      "id": "node/5255390980"
    },
    {
      "type": "Feature",
      "properties": {
        "@id": "node/5255461645",
        "addr:city": "Lahore",
        "addr:street": "Temple Rd",
        "amenity": "police",
        "name": "Mozang Police Station"
      },
      "geometry": {
        "type": "Point",
        "coordinates": [
          74.3164586,
          31.5564954
        ]
      },
      "id": "node/5255461645"
    },
    {
      "type": "Feature",
      "properties": {
        "@id": "node/5255508537",
        "addr:city": "Gambat",
        "amenity": "police",
        "name": "تھانہ",
        "name:ar": "قسم الأمن",
        "name:en": "Police Station",
        "name:ur": "تھانہ"
      },
      "geometry": {
        "type": "Point",
        "coordinates": [
          68.517756,
          27.3557276
        ]
      },
      "id": "node/5255508537"
    },
    {
      "type": "Feature",
      "properties": {
        "@id": "node/5259239786",
        "addr:city": "فیصل آباد",
        "addr:street": "ہسپتال روڈ",
        "amenity": "police",
        "name": "تھانہ سمن آباد",
        "name:en": "Samanabad Police Station",
        "name:ur": "تھانہ سمن آباد"
      },
      "geometry": {
        "type": "Point",
        "coordinates": [
          73.065804,
          31.3848621
        ]
      },
      "id": "node/5259239786"
    },
    {
      "type": "Feature",
      "properties": {
        "@id": "node/5265379135",
        "addr:city": "فیصل آباد",
        "addr:city:en": "Faisalabad",
        "addr:city:fr": "Faisalabad",
        "addr:city:pa": "ਫ਼ੈਸਲਾਬਾਦ",
        "addr:city:pnb": "فیصل آباد",
        "addr:city:ur": "فیصل آباد",
        "addr:street": "Chiniot - Chak Jhumra Road",
        "amenity": "police",
        "name": "Police Station Chak Jhumra"
      },
      "geometry": {
        "type": "Point",
        "coordinates": [
          73.186084,
          31.5644431
        ]
      },
      "id": "node/5265379135"
    },
    {
      "type": "Feature",
      "properties": {
        "@id": "node/5265379141",
        "addr:city": "فیصل آباد",
        "addr:city:en": "Faisalabad",
        "addr:city:fr": "Faisalabad",
        "addr:city:pa": "ਫ਼ੈਸਲਾਬਾਦ",
        "addr:city:pnb": "فیصل آباد",
        "addr:city:ur": "فیصل آباد",
        "addr:street": "Arif Mehmod Road",
        "amenity": "police",
        "name": "Civil Lines Faisalabad Police Station"
      },
      "geometry": {
        "type": "Point",
        "coordinates": [
          73.064524,
          31.4266972
        ]
      },
      "id": "node/5265379141"
    },
    {
      "type": "Feature",
      "properties": {
        "@id": "node/5271726910",
        "addr:city": "Lahore",
        "addr:street": "Johar Town",
        "amenity": "police",
        "name": "Johar Town Police Station"
      },
      "geometry": {
        "type": "Point",
        "coordinates": [
          74.2901017,
          31.4785763
        ]
      },
      "id": "node/5271726910"
    },
    {
      "type": "Feature",
      "properties": {
        "@id": "node/5271956154",
        "addr:city": "فیصل آباد",
        "addr:city:en": "Faisalabad",
        "addr:city:fr": "Faisalabad",
        "addr:city:pa": "ਫ਼ੈਸਲਾਬਾਦ",
        "addr:city:pnb": "فیصل آباد",
        "addr:city:ur": "فیصل آباد",
        "addr:street": "Millat Road",
        "amenity": "police",
        "name": "Millat Town Police Station"
      },
      "geometry": {
        "type": "Point",
        "coordinates": [
          73.1037509,
          31.4923127
        ]
      },
      "id": "node/5271956154"
    },
    {
      "type": "Feature",
      "properties": {
        "@id": "node/5273603394",
        "addr:city": "فیصل آباد",
        "addr:city:en": "Faisalabad",
        "addr:city:fr": "Faisalabad",
        "addr:city:pa": "ਫ਼ੈਸਲਾਬਾਦ",
        "addr:city:pnb": "فیصل آباد",
        "addr:city:ur": "فیصل آباد",
        "addr:street": "Bilal Road",
        "amenity": "courthouse",
        "name": "Faisalabad Court"
      },
      "geometry": {
        "type": "Point",
        "coordinates": [
          73.0832666,
          31.4314296
        ]
      },
      "id": "node/5273603394"
    },
    {
      "type": "Feature",
      "properties": {
        "@id": "node/5273603405",
        "addr:city": "فیصل آباد",
        "addr:city:en": "Faisalabad",
        "addr:city:fr": "Faisalabad",
        "addr:city:pa": "ਫ਼ੈਸਲਾਬਾਦ",
        "addr:city:pnb": "فیصل آباد",
        "addr:city:ur": "فیصل آباد",
        "addr:street": "Faisalabad - Sargodha Road",
        "amenity": "police",
        "name": "DSP Traffic Office"
      },
      "geometry": {
        "type": "Point",
        "coordinates": [
          73.0909614,
          31.4383958
        ]
      },
      "id": "node/5273603405"
    },
    {
      "type": "Feature",
      "properties": {
        "@id": "node/5273603406",
        "addr:city": "فیصل آباد",
        "addr:city:en": "Faisalabad",
        "addr:city:fr": "Faisalabad",
        "addr:city:pa": "ਫ਼ੈਸਲਾਬਾਦ",
        "addr:city:pnb": "فیصل آباد",
        "addr:city:ur": "فیصل آباد",
        "addr:street": "Faisalabad - Sargodha Road",
        "amenity": "police",
        "name": "Police Station Sargodha Road, Faisalabad"
      },
      "geometry": {
        "type": "Point",
        "coordinates": [
          73.0915877,
          31.438508
        ]
      },
      "id": "node/5273603406"
    },
    {
      "type": "Feature",
      "properties": {
        "@id": "node/5281877859",
        "addr:city": "حیدرآباد",
        "addr:city:en": "Hyderabad",
        "addr:city:fr": "Hyderâbâd",
        "addr:city:pa": "ਹੈਦਰਾਬਾਦ",
        "addr:city:ur": "حیدرآباد",
        "addr:street": "National Highway",
        "amenity": "police",
        "name": "Baldia Police Station"
      },
      "geometry": {
        "type": "Point",
        "coordinates": [
          68.3732363,
          25.4106881
        ]
      },
      "id": "node/5281877859"
    },
    {
      "type": "Feature",
      "properties": {
        "@id": "node/5282648721",
        "amenity": "police",
        "name": "Army Check Point"
      },
      "geometry": {
        "type": "Point",
        "coordinates": [
          71.5415725,
          33.6572336
        ]
      },
      "id": "node/5282648721"
    },
    {
      "type": "Feature",
      "properties": {
        "@id": "node/5287381825",
        "amenity": "police",
        "name": "Police Check Point"
      },
      "geometry": {
        "type": "Point",
        "coordinates": [
          71.5297031,
          33.6002805
        ]
      },
      "id": "node/5287381825"
    },
    {
      "type": "Feature",
      "properties": {
        "@id": "node/5291001821",
        "email": "r.ahsan.sh@gmail.com",
        "name": "Dera Rana Ahsan Sharif",
        "office": "lawyer",
        "opening_hours": "24/7",
        "phone": "03336974721"
      },
      "geometry": {
        "type": "Point",
        "coordinates": [
          73.7304977,
          30.432626
        ]
      },
      "id": "node/5291001821"
    },
    {
      "type": "Feature",
      "properties": {
        "@id": "node/5294849498",
        "addr:city": "Mouza Akbar",
        "addr:postcode": "56300",
        "addr:street": "Sahiwal, Bangla Gugera Road",
        "amenity": "police",
        "name": "Patrolling Post Miran Shah",
        "name:ur": "پٹرولینگ پوسٹ میراں شاہ"
      },
      "geometry": {
        "type": "Point",
        "coordinates": [
          73.2854968,
          30.8864238
        ]
      },
      "id": "node/5294849498"
    },
    {
      "type": "Feature",
      "properties": {
        "@id": "node/5297001602",
        "addr:city": "Karachi",
        "addr:street": "Johar Road",
        "amenity": "police",
        "name": "FIA NR3C Circle Sindh Zone"
      },
      "geometry": {
        "type": "Point",
        "coordinates": [
          67.1285273,
          24.9152308
        ]
      },
      "id": "node/5297001602"
    },
    {
      "type": "Feature",
      "properties": {
        "@id": "node/5299115423",
        "amenity": "courthouse",
        "name": "civil courts"
      },
      "geometry": {
        "type": "Point",
        "coordinates": [
          75.1661584,
          32.2615484
        ]
      },
      "id": "node/5299115423"
    },
    {
      "type": "Feature",
      "properties": {
        "@id": "node/5304138425",
        "amenity": "police",
        "name": "تھانہ",
        "name:ar": "قسم الأمن",
        "name:en": "Police Station",
        "name:ur": "تھانہ"
      },
      "geometry": {
        "type": "Point",
        "coordinates": [
          75.1577125,
          32.2628878
        ]
      },
      "id": "node/5304138425"
    },
    {
      "type": "Feature",
      "properties": {
        "@id": "node/5305271123",
        "amenity": "police",
        "name": "Quetta Police Headquarters",
        "name:de": "Polizeihauptquartier"
      },
      "geometry": {
        "type": "Point",
        "coordinates": [
          67.0152484,
          30.212372
        ]
      },
      "id": "node/5305271123"
    },
    {
      "type": "Feature",
      "properties": {
        "@id": "node/5306005126",
        "addr:city": "Karachi",
        "addr:housenumber": "Lalazar",
        "addr:street": "Road Number 1",
        "amenity": "police",
        "name": "Naval Police Station"
      },
      "geometry": {
        "type": "Point",
        "coordinates": [
          66.9960582,
          24.8447979
        ]
      },
      "id": "node/5306005126"
    },
    {
      "type": "Feature",
      "properties": {
        "@id": "node/5314657048",
        "addr:city": "Balochistan",
        "addr:housenumber": "Hub",
        "addr:street": "RCD Highway",
        "amenity": "police",
        "name": "Police station"
      },
      "geometry": {
        "type": "Point",
        "coordinates": [
          66.8815037,
          25.0556296
        ]
      },
      "id": "node/5314657048"
    },
    {
      "type": "Feature",
      "properties": {
        "@id": "node/5327143121",
        "addr:city": "Mitiari",
        "addr:street": "National Highway",
        "amenity": "police",
        "name": "Matiari Police Station"
      },
      "geometry": {
        "type": "Point",
        "coordinates": [
          68.4415586,
          25.5925595
        ]
      },
      "id": "node/5327143121"
    },
    {
      "type": "Feature",
      "properties": {
        "@id": "node/5327510915",
        "addr:city": "Naushahro Feroze",
        "addr:street": "Naushahro Feroze-Padidan Road",
        "amenity": "police",
        "name": "Naushahro Feroze Police Station"
      },
      "geometry": {
        "type": "Point",
        "coordinates": [
          68.1246577,
          26.836249
        ]
      },
      "id": "node/5327510915"
    },
    {
      "type": "Feature",
      "properties": {
        "@id": "node/5334157121",
        "addr:street": "samasatta road",
        "amenity": "police",
        "name": "php post fatuwali"
      },
      "geometry": {
        "type": "Point",
        "coordinates": [
          71.6178375,
          29.384713
        ]
      },
      "id": "node/5334157121"
    },
    {
      "type": "Feature",
      "properties": {
        "@id": "node/5334157625",
        "addr:street": "Hasilpur-Bahawalpur Road",
        "amenity": "police",
        "name": "PHP LAL SOHANRA",
        "opening_hours": "24/7",
        "phone": "03407861691"
      },
      "geometry": {
        "type": "Point",
        "coordinates": [
          71.9708104,
          29.4637851
        ]
      },
      "id": "node/5334157625"
    },
    {
      "type": "Feature",
      "properties": {
        "@id": "node/5336782553",
        "addr:city": "Karachi",
        "addr:street": "Hub Chowki Road",
        "amenity": "police",
        "name": "Baldia Police Station"
      },
      "geometry": {
        "type": "Point",
        "coordinates": [
          66.9672856,
          24.9037438
        ]
      },
      "id": "node/5336782553"
    },
    {
      "type": "Feature",
      "properties": {
        "@id": "node/5341381121",
        "addr:postcode": "60500",
        "email": "khaliladv@hotmail.com",
        "office": "lawyer",
        "phone": "03029201020"
      },
      "geometry": {
        "type": "Point",
        "coordinates": [
          71.4923238,
          30.2098722
        ]
      },
      "id": "node/5341381121"
    },
    {
      "type": "Feature",
      "properties": {
        "@id": "node/5342104202",
        "addr:city": "Sukkur",
        "addr:street": "Masoom Shan Minar Road",
        "amenity": "courthouse",
        "name": "District & Session Court"
      },
      "geometry": {
        "type": "Point",
        "coordinates": [
          68.8824464,
          27.7006211
        ]
      },
      "id": "node/5342104202"
    },
    {
      "type": "Feature",
      "properties": {
        "@id": "node/5342157121",
        "addr:city": "Sukkur",
        "addr:street": "Walis Road",
        "amenity": "police",
        "name": "SSP Office Sukkur"
      },
      "geometry": {
        "type": "Point",
        "coordinates": [
          68.8756738,
          27.6962799
        ]
      },
      "id": "node/5342157121"
    },
    {
      "type": "Feature",
      "properties": {
        "@id": "node/5383541665",
        "amenity": "police",
        "name": "Police Station Miana Gondal",
        "name:ar": "مركز الشرطة ميانا غوندل"
      },
      "geometry": {
        "type": "Point",
        "coordinates": [
          73.1525367,
          32.3666183
        ]
      },
      "id": "node/5383541665"
    },
    {
      "type": "Feature",
      "properties": {
        "@id": "node/5418162521",
        "amenity": "police",
        "name": "Check point",
        "operator": "Military"
      },
      "geometry": {
        "type": "Point",
        "coordinates": [
          65.3171666,
          29.0030882
        ]
      },
      "id": "node/5418162521"
    },
    {
      "type": "Feature",
      "properties": {
        "@id": "node/5429159422",
        "amenity": "police",
        "name": "تھانہ",
        "name:ar": "قسم الأمن",
        "name:en": "Police Station",
        "name:ur": "تھانہ"
      },
      "geometry": {
        "type": "Point",
        "coordinates": [
          67.0150292,
          30.2123251
        ]
      },
      "id": "node/5429159422"
    },
    {
      "type": "Feature",
      "properties": {
        "@id": "node/5434425322",
        "amenity": "police"
      },
      "geometry": {
        "type": "Point",
        "coordinates": [
          73.0327082,
          33.6383899
        ]
      },
      "id": "node/5434425322"
    },
    {
      "type": "Feature",
      "properties": {
        "@id": "node/5606817928",
        "amenity": "police",
        "name": "SSP CPLC OFFICE"
      },
      "geometry": {
        "type": "Point",
        "coordinates": [
          68.2709716,
          25.3876586
        ]
      },
      "id": "node/5606817928"
    },
    {
      "type": "Feature",
      "properties": {
        "@id": "node/5656201621",
        "email": "act.laws@gmail.com",
        "name": "ACTLAW",
        "office": "lawyer",
        "opening_hours": "Mo-Sa 15:00-21:00",
        "phone": "03404000060",
        "website": "http://www.actlaw.org"
      },
      "geometry": {
        "type": "Point",
        "coordinates": [
          67.0409916,
          24.8159931
        ]
      },
      "id": "node/5656201621"
    },
    {
      "type": "Feature",
      "properties": {
        "@id": "node/5731672222",
        "addr:street": "Mardan road Sardheri",
        "amenity": "police",
        "email": "dspsardheri@gmail.com",
        "name": "Police Station Sardheri",
        "phone": "0916644737",
        "website": "https://kppolice.gov.pk/"
      },
      "geometry": {
        "type": "Point",
        "coordinates": [
          71.861655,
          34.1756414
        ]
      },
      "id": "node/5731672222"
    },
    {
      "type": "Feature",
      "properties": {
        "@id": "node/5758298222",
        "amenity": "police",
        "name": "Police checkpoint"
      },
      "geometry": {
        "type": "Point",
        "coordinates": [
          73.0068013,
          35.1150633
        ]
      },
      "id": "node/5758298222"
    },
    {
      "type": "Feature",
      "properties": {
        "@id": "node/5758298223",
        "amenity": "police",
        "name": "Police checkpoint"
      },
      "geometry": {
        "type": "Point",
        "coordinates": [
          73.2093475,
          35.2466291
        ]
      },
      "id": "node/5758298223"
    },
    {
      "type": "Feature",
      "properties": {
        "@id": "node/5758343921",
        "amenity": "police",
        "name": "Police checkpoint"
      },
      "geometry": {
        "type": "Point",
        "coordinates": [
          72.9066911,
          34.9973212
        ]
      },
      "id": "node/5758343921"
    },
    {
      "type": "Feature",
      "properties": {
        "@id": "node/5846945687",
        "addr:housenumber": "1",
        "addr:street": "Khair Muhammad Mojai street",
        "amenity": "police",
        "name": "shahbaz rajper house",
        "name:en": "Shahbaz Rajper House"
      },
      "geometry": {
        "type": "Point",
        "coordinates": [
          68.3701498,
          26.677021
        ]
      },
      "id": "node/5846945687"
    },
    {
      "type": "Feature",
      "properties": {
        "@id": "node/6009537585",
        "amenity": "police",
        "name": "Phander police station"
      },
      "geometry": {
        "type": "Point",
        "coordinates": [
          72.8901381,
          36.1610874
        ]
      },
      "id": "node/6009537585"
    },
    {
      "type": "Feature",
      "properties": {
        "@id": "node/6046168590",
        "amenity": "police",
        "name": "Nau Goth"
      },
      "geometry": {
        "type": "Point",
        "coordinates": [
          68.0138537,
          27.1282095
        ]
      },
      "id": "node/6046168590"
    },
    {
      "type": "Feature",
      "properties": {
        "@id": "node/6051385685",
        "amenity": "police",
        "name": "check point"
      },
      "geometry": {
        "type": "Point",
        "coordinates": [
          74.2440551,
          36.1160984
        ]
      },
      "id": "node/6051385685"
    },
    {
      "type": "Feature",
      "properties": {
        "@id": "node/6052755286",
        "addr:postcode": "25000",
        "amenity": "police",
        "name": "Mathra Police station"
      },
      "geometry": {
        "type": "Point",
        "coordinates": [
          71.4785243,
          34.1003715
        ]
      },
      "id": "node/6052755286"
    },
    {
      "type": "Feature",
      "properties": {
        "@id": "node/6091356986",
        "amenity": "police",
        "name": "Kandhra Police Station"
      },
      "geometry": {
        "type": "Point",
        "coordinates": [
          68.8664248,
          27.586024
        ]
      },
      "id": "node/6091356986"
    },
    {
      "type": "Feature",
      "properties": {
        "@id": "node/6153606306",
        "amenity": "police",
        "name": "Police Station Industrial Area"
      },
      "geometry": {
        "type": "Point",
        "coordinates": [
          67.0072863,
          30.1758778
        ]
      },
      "id": "node/6153606306"
    },
    {
      "type": "Feature",
      "properties": {
        "@id": "node/6154961886",
        "addr:street": "Chiniot Jhang Road",
        "amenity": "police",
        "name": "Police Station Bhawana",
        "opening_hours": "24/7"
      },
      "geometry": {
        "type": "Point",
        "coordinates": [
          72.6406766,
          31.5617876
        ]
      },
      "id": "node/6154961886"
    },
    {
      "type": "Feature",
      "properties": {
        "@id": "node/6182657488",
        "amenity": "courthouse",
        "name": "Districts Courts Jhang"
      },
      "geometry": {
        "type": "Point",
        "coordinates": [
          72.3231224,
          31.2704139
        ]
      },
      "id": "node/6182657488"
    },
    {
      "type": "Feature",
      "properties": {
        "@id": "node/6204997185",
        "amenity": "police",
        "name": "Army Checkpoint"
      },
      "geometry": {
        "type": "Point",
        "coordinates": [
          74.3677923,
          31.5050621
        ]
      },
      "id": "node/6204997185"
    },
    {
      "type": "Feature",
      "properties": {
        "@id": "node/6216645287",
        "amenity": "police",
        "name": "leavis chawki"
      },
      "geometry": {
        "type": "Point",
        "coordinates": [
          71.7955771,
          34.6321692
        ]
      },
      "id": "node/6216645287"
    },
    {
      "type": "Feature",
      "properties": {
        "@id": "node/6216645294",
        "amenity": "police",
        "name": "police station khadagzo"
      },
      "geometry": {
        "type": "Point",
        "coordinates": [
          71.8856712,
          34.6417543
        ]
      },
      "id": "node/6216645294"
    },
    {
      "type": "Feature",
      "properties": {
        "@id": "node/6216645300",
        "amenity": "police",
        "name": "leavies"
      },
      "geometry": {
        "type": "Point",
        "coordinates": [
          71.8777685,
          34.631762
        ]
      },
      "id": "node/6216645300"
    },
    {
      "type": "Feature",
      "properties": {
        "@id": "node/6218045787",
        "amenity": "police"
      },
      "geometry": {
        "type": "Point",
        "coordinates": [
          71.7847545,
          34.1239456
        ]
      },
      "id": "node/6218045787"
    },
    {
      "type": "Feature",
      "properties": {
        "@id": "node/6266366585",
        "addr:street": "Korkore Wala",
        "amenity": "courthouse",
        "name": "Abdul Samad Khan's House"
      },
      "geometry": {
        "type": "Point",
        "coordinates": [
          71.9929696,
          34.201418
        ]
      },
      "id": "node/6266366585"
    },
    {
      "type": "Feature",
      "properties": {
        "@id": "node/6282685185",
        "amenity": "police",
        "name": "Check Post Surla"
      },
      "geometry": {
        "type": "Point",
        "coordinates": [
          72.5921926,
          33.381162
        ]
      },
      "id": "node/6282685185"
    },
    {
      "type": "Feature",
      "properties": {
        "@id": "node/6338023588",
        "amenity": "police",
        "name": "ANF Regional Directorate North"
      },
      "geometry": {
        "type": "Point",
        "coordinates": [
          73.153483,
          33.5423824
        ]
      },
      "id": "node/6338023588"
    },
    {
      "type": "Feature",
      "properties": {
        "@id": "node/6338026790",
        "amenity": "police",
        "name": "ANF HQ"
      },
      "geometry": {
        "type": "Point",
        "coordinates": [
          73.037817,
          33.5904566
        ]
      },
      "id": "node/6338026790"
    },
    {
      "type": "Feature",
      "properties": {
        "@id": "node/6338026795",
        "amenity": "police",
        "name": "Hafiz A"
      },
      "geometry": {
        "type": "Point",
        "coordinates": [
          73.6679723,
          31.8775329
        ]
      },
      "id": "node/6338026795"
    },
    {
      "type": "Feature",
      "properties": {
        "@id": "node/6338029385",
        "amenity": "police",
        "name": "NPA"
      },
      "geometry": {
        "type": "Point",
        "coordinates": [
          73.0015639,
          33.6497646
        ]
      },
      "id": "node/6338029385"
    },
    {
      "type": "Feature",
      "properties": {
        "@id": "node/6355305427",
        "amenity": "police",
        "name": "خالق آباد پولیس پیٹرول چوکی",
        "name:en": "Khaliqabad Patrol Police Choki"
      },
      "geometry": {
        "type": "Point",
        "coordinates": [
          72.2189069,
          32.4375151
        ]
      },
      "id": "node/6355305427"
    },
    {
      "type": "Feature",
      "properties": {
        "@id": "node/6387209288",
        "addr:postcode": "95000",
        "amenity": "police",
        "name": "Levies Check Post Masiti",
        "name:fa": "لیویز چیک پوسٹ مسیتی، سیندک روڑ"
      },
      "geometry": {
        "type": "Point",
        "coordinates": [
          61.6040327,
          29.0746679
        ]
      },
      "id": "node/6387209288"
    },
    {
      "type": "Feature",
      "properties": {
        "@id": "node/6459963325",
        "amenity": "police",
        "name": "Banna Police Station"
      },
      "geometry": {
        "type": "Point",
        "coordinates": [
          73.0575642,
          34.8358013
        ]
      },
      "id": "node/6459963325"
    },
    {
      "type": "Feature",
      "properties": {
        "@id": "node/6493235585",
        "addr:postcode": "23200",
        "addr:street": "Nisata Road",
        "amenity": "police",
        "name": "Police Lines Mardan"
      },
      "geometry": {
        "type": "Point",
        "coordinates": [
          72.0304925,
          34.1944022
        ]
      },
      "id": "node/6493235585"
    },
    {
      "type": "Feature",
      "properties": {
        "@id": "node/6534025088",
        "amenity": "police",
        "name": "Patrak Police Station"
      },
      "geometry": {
        "type": "Point",
        "coordinates": [
          72.0604759,
          35.3440104
        ]
      },
      "id": "node/6534025088"
    },
    {
      "type": "Feature",
      "properties": {
        "@id": "node/6534025385",
        "amenity": "police",
        "name": "Check Post"
      },
      "geometry": {
        "type": "Point",
        "coordinates": [
          72.0062998,
          35.2533432
        ]
      },
      "id": "node/6534025385"
    },
    {
      "type": "Feature",
      "properties": {
        "@id": "node/6555424887",
        "addr:street": "Mardan Road Charsadda",
        "name": "Judiciary Complex",
        "office": "lawyer",
        "opening_hours": "Mo-Su 08:00-14:00"
      },
      "geometry": {
        "type": "Point",
        "coordinates": [
          71.7929687,
          34.161477
        ]
      },
      "id": "node/6555424887"
    },
    {
      "type": "Feature",
      "properties": {
        "@id": "node/6555498521",
        "addr:street": "Mardan Road Charsadda",
        "amenity": "police",
        "name": "DPO Charsadda",
        "opening_hours": "Mo-Fr 08:00-16:00"
      },
      "geometry": {
        "type": "Point",
        "coordinates": [
          71.7953939,
          34.1614577
        ]
      },
      "id": "node/6555498521"
    },
    {
      "type": "Feature",
      "properties": {
        "@id": "node/6568806160",
        "amenity": "police",
        "name": "Rajana Police Station"
      },
      "geometry": {
        "type": "Point",
        "coordinates": [
          72.5508651,
          30.850375
        ]
      },
      "id": "node/6568806160"
    },
    {
      "type": "Feature",
      "properties": {
        "@id": "node/6594625187",
        "amenity": "police",
        "name": "Forest Checkpoint Khachik"
      },
      "geometry": {
        "type": "Point",
        "coordinates": [
          74.8555744,
          35.3758884
        ]
      },
      "id": "node/6594625187"
    },
    {
      "type": "Feature",
      "properties": {
        "@id": "node/6596070185",
        "amenity": "police",
        "name": "Checkpoint"
      },
      "geometry": {
        "type": "Point",
        "coordinates": [
          75.9131199,
          35.2222277
        ]
      },
      "id": "node/6596070185"
    },
    {
      "type": "Feature",
      "properties": {
        "@id": "node/6605939588",
        "amenity": "police",
        "name": "Tourist Police Skardu"
      },
      "geometry": {
        "type": "Point",
        "coordinates": [
          75.6178449,
          35.3064198
        ]
      },
      "id": "node/6605939588"
    },
    {
      "type": "Feature",
      "properties": {
        "@id": "node/6605940194",
        "amenity": "police"
      },
      "geometry": {
        "type": "Point",
        "coordinates": [
          75.6506226,
          35.2943036
        ]
      },
      "id": "node/6605940194"
    },
    {
      "type": "Feature",
      "properties": {
        "@id": "node/6628671485",
        "amenity": "police"
      },
      "geometry": {
        "type": "Point",
        "coordinates": [
          72.6783666,
          36.1568785
        ]
      },
      "id": "node/6628671485"
    },
    {
      "type": "Feature",
      "properties": {
        "@id": "node/6645906685",
        "addr:street": "Bedian Road",
        "amenity": "police",
        "name": "Elite Force Training Center"
      },
      "geometry": {
        "type": "Point",
        "coordinates": [
          74.4576613,
          31.4420714
        ]
      },
      "id": "node/6645906685"
    },
    {
      "type": "Feature",
      "properties": {
        "@id": "node/6685687320",
        "amenity": "police",
        "name": "تھانہ",
        "name:ar": "قسم الأمن",
        "name:en": "Police Station",
        "name:ur": "تھانہ"
      },
      "geometry": {
        "type": "Point",
        "coordinates": [
          69.4458553,
          31.3448501
        ]
      },
      "id": "node/6685687320"
    },
    {
      "type": "Feature",
      "properties": {
        "@id": "node/6698403985",
        "addr:street": "Allama iqbal road",
        "name": "Malik House",
        "office": "lawyer"
      },
      "geometry": {
        "type": "Point",
        "coordinates": [
          74.3319877,
          31.4604052
        ]
      },
      "id": "node/6698403985"
    },
    {
      "type": "Feature",
      "properties": {
        "@id": "node/6698403986",
        "addr:street": "ALLAMA IQBAL ROAD",
        "name": "ADVOCATE HIGH COURT",
        "office": "lawyer"
      },
      "geometry": {
        "type": "Point",
        "coordinates": [
          74.3319877,
          31.4603909
        ]
      },
      "id": "node/6698403986"
    },
    {
      "type": "Feature",
      "properties": {
        "@id": "node/6741820146",
        "amenity": "police",
        "name": "Security Office"
      },
      "geometry": {
        "type": "Point",
        "coordinates": [
          73.065759,
          33.5443418
        ]
      },
      "id": "node/6741820146"
    },
    {
      "type": "Feature",
      "properties": {
        "@id": "node/6741920085",
        "amenity": "courthouse",
        "name": "Banda Daud Shah Sub-Division Courts (Judges' Offices)"
      },
      "geometry": {
        "type": "Point",
        "coordinates": [
          71.1778287,
          33.2727167
        ]
      },
      "id": "node/6741920085"
    },
    {
      "type": "Feature",
      "properties": {
        "@id": "node/6741920185",
        "amenity": "police",
        "name": "تھانہ",
        "name:ar": "قسم الأمن",
        "name:en": "Police Station",
        "name:ur": "تھانہ"
      },
      "geometry": {
        "type": "Point",
        "coordinates": [
          71.1800308,
          33.2727114
        ]
      },
      "id": "node/6741920185"
    },
    {
      "type": "Feature",
      "properties": {
        "@id": "node/6741920285",
        "amenity": "police",
        "name": "تھانہ",
        "name:ar": "قسم الأمن",
        "name:en": "Police Station",
        "name:ur": "تھانہ"
      },
      "geometry": {
        "type": "Point",
        "coordinates": [
          71.1801321,
          33.2727759
        ]
      },
      "id": "node/6741920285"
    },
    {
      "type": "Feature",
      "properties": {
        "@id": "node/6746019987",
        "addr:street": "Galiyat-Murree Road",
        "amenity": "police",
        "name": "Donga Gali Police Station"
      },
      "geometry": {
        "type": "Point",
        "coordinates": [
          73.4048862,
          34.0518532
        ]
      },
      "id": "node/6746019987"
    },
    {
      "type": "Feature",
      "properties": {
        "@id": "node/6758987191",
        "name": "Fazl-e-Qadir Advocate's House",
        "office": "lawyer"
      },
      "geometry": {
        "type": "Point",
        "coordinates": [
          71.1338922,
          33.2872391
        ]
      },
      "id": "node/6758987191"
    },
    {
      "type": "Feature",
      "properties": {
        "@id": "node/6758989189",
        "name": "TAIMOOR IQBAL Advocate's House",
        "office": "lawyer"
      },
      "geometry": {
        "type": "Point",
        "coordinates": [
          71.1330569,
          33.2788956
        ]
      },
      "id": "node/6758989189"
    },
    {
      "type": "Feature",
      "properties": {
        "@id": "node/6770943185",
        "amenity": "police",
        "name": "Police line okara"
      },
      "geometry": {
        "type": "Point",
        "coordinates": [
          73.4403483,
          30.8597771
        ]
      },
      "id": "node/6770943185"
    },
    {
      "type": "Feature",
      "properties": {
        "@id": "node/6873172287",
        "amenity": "courthouse",
        "name": "Sub-Division Courts (Judges' Offices)"
      },
      "geometry": {
        "type": "Point",
        "coordinates": [
          71.177891,
          33.2710981
        ]
      },
      "id": "node/6873172287"
    },
    {
      "type": "Feature",
      "properties": {
        "@id": "node/6875574485",
        "addr:postcode": "63210",
        "addr:street": "Bahawalpur-Mandi Yazman Road",
        "amenity": "police",
        "name": "Yazman police station"
      },
      "geometry": {
        "type": "Point",
        "coordinates": [
          71.7479505,
          29.1249723
        ]
      },
      "id": "node/6875574485"
    },
    {
      "type": "Feature",
      "properties": {
        "@id": "node/6895766585",
        "amenity": "police",
        "name": "GB check post"
      },
      "geometry": {
        "type": "Point",
        "coordinates": [
          72.6893019,
          36.1604755
        ]
      },
      "id": "node/6895766585"
    },
    {
      "type": "Feature",
      "properties": {
        "@id": "node/6938740457",
        "amenity": "police",
        "name": "Thana Madressa",
        "operator": "Punjab Police"
      },
      "geometry": {
        "type": "Point",
        "coordinates": [
          73.0466649,
          29.8830325
        ]
      },
      "id": "node/6938740457"
    },
    {
      "type": "Feature",
      "properties": {
        "@id": "node/7079980077",
        "addr:city": "Karachi",
        "addr:housenumber": "Suit #A3, Third floor PTL.GPS, 5, Block 5 Clifton",
        "addr:postcode": "75600",
        "name": "The Lords - Advocates & Legal Consultants",
        "office": "lawyer",
        "opening_hours": "24/7",
        "phone": "+92 300 3425251",
        "website": "https://www.thelords.com.pk"
      },
      "geometry": {
        "type": "Point",
        "coordinates": [
          67.0217201,
          24.8157977
        ]
      },
      "id": "node/7079980077"
    },
    {
      "type": "Feature",
      "properties": {
        "@id": "node/7099341485",
        "addr:street": "Davis Road",
        "name": "Customs appelate triunel davis road lahore",
        "office": "lawyer"
      },
      "geometry": {
        "type": "Point",
        "coordinates": [
          74.3412476,
          31.5565629
        ]
      },
      "id": "node/7099341485"
    },
    {
      "type": "Feature",
      "properties": {
        "@id": "node/7183614985",
        "amenity": "police",
        "name": "Checkpoint"
      },
      "geometry": {
        "type": "Point",
        "coordinates": [
          74.3781513,
          31.504805
        ]
      },
      "id": "node/7183614985"
    },
    {
      "type": "Feature",
      "properties": {
        "@id": "node/7185886385",
        "amenity": "police",
        "name": "checkpoint"
      },
      "geometry": {
        "type": "Point",
        "coordinates": [
          74.5534041,
          31.6026368
        ]
      },
      "id": "node/7185886385"
    },
    {
      "type": "Feature",
      "properties": {
        "@id": "node/7190142986",
        "addr:housenumber": "61-C",
        "addr:postcode": "54810",
        "addr:street": "Street 13",
        "name": "First Women Law",
        "office": "lawyer"
      },
      "geometry": {
        "type": "Point",
        "coordinates": [
          74.3628369,
          31.5013807
        ]
      },
      "id": "node/7190142986"
    },
    {
      "type": "Feature",
      "properties": {
        "@id": "node/7227365815",
        "amenity": "police",
        "operator": "Levis"
      },
      "geometry": {
        "type": "Point",
        "coordinates": [
          63.5596096,
          28.7410237
        ]
      },
      "id": "node/7227365815"
    },
    {
      "type": "Feature",
      "properties": {
        "@id": "node/7227365819",
        "amenity": "police",
        "operator": "Levis"
      },
      "geometry": {
        "type": "Point",
        "coordinates": [
          64.9087777,
          28.8917175
        ]
      },
      "id": "node/7227365819"
    },
    {
      "type": "Feature",
      "properties": {
        "@id": "node/7227365821",
        "amenity": "police",
        "operator": "Levis"
      },
      "geometry": {
        "type": "Point",
        "coordinates": [
          66.6012165,
          29.8603776
        ]
      },
      "id": "node/7227365821"
    },
    {
      "type": "Feature",
      "properties": {
        "@id": "node/7397676808",
        "amenity": "police"
      },
      "geometry": {
        "type": "Point",
        "coordinates": [
          73.4440004,
          30.8107084
        ]
      },
      "id": "node/7397676808"
    },
    {
      "type": "Feature",
      "properties": {
        "@id": "node/7409124805",
        "amenity": "police",
        "name": "Azizabad Police Chowki"
      },
      "geometry": {
        "type": "Point",
        "coordinates": [
          66.9804081,
          24.9164682
        ]
      },
      "id": "node/7409124805"
    },
    {
      "type": "Feature",
      "properties": {
        "@id": "node/7482472682",
        "amenity": "police",
        "name": "Yakki Gate Police Station",
        "operator": "Punjab Police"
      },
      "geometry": {
        "type": "Point",
        "coordinates": [
          74.3283227,
          31.5829738
        ]
      },
      "id": "node/7482472682"
    },
    {
      "type": "Feature",
      "properties": {
        "@id": "node/7507288476",
        "amenity": "police",
        "name": "Satellite Police"
      },
      "geometry": {
        "type": "Point",
        "coordinates": [
          74.1911824,
          32.1571257
        ]
      },
      "id": "node/7507288476"
    },
    {
      "type": "Feature",
      "properties": {
        "@id": "node/7514609185",
        "addr:street": "Naul Hithar",
        "email": "uk00448@gmail.com",
        "name": "Adv. Malik M. Usman Hameed Khan",
        "office": "lawyer"
      },
      "geometry": {
        "type": "Point",
        "coordinates": [
          74.2574126,
          31.0350136
        ]
      },
      "id": "node/7514609185"
    },
    {
      "type": "Feature",
      "properties": {
        "@id": "node/7527565940",
        "amenity": "police",
        "name": "Saddar Police Station Gujrat"
      },
      "geometry": {
        "type": "Point",
        "coordinates": [
          74.099814,
          32.5693025
        ]
      },
      "id": "node/7527565940"
    },
    {
      "type": "Feature",
      "properties": {
        "@id": "node/7530503341",
        "amenity": "police",
        "name": "Sadar Police Station"
      },
      "geometry": {
        "type": "Point",
        "coordinates": [
          74.1108794,
          32.4392267
        ]
      },
      "id": "node/7530503341"
    },
    {
      "type": "Feature",
      "properties": {
        "@id": "node/7538532210",
        "amenity": "police",
        "name": "Sarai Gambila Police Station",
        "opening_hours": "24/7"
      },
      "geometry": {
        "type": "Point",
        "coordinates": [
          70.7790965,
          32.6887436
        ]
      },
      "id": "node/7538532210"
    },
    {
      "type": "Feature",
      "properties": {
        "@id": "node/7557141919",
        "amenity": "police",
        "name": "DPO Office"
      },
      "geometry": {
        "type": "Point",
        "coordinates": [
          68.3639409,
          30.6934756
        ]
      },
      "id": "node/7557141919"
    },
    {
      "type": "Feature",
      "properties": {
        "@id": "node/7568817885",
        "addr:postcode": "30000",
        "addr:street": "1",
        "amenity": "courthouse",
        "name": "Fazal Abbas House"
      },
      "geometry": {
        "type": "Point",
        "coordinates": [
          70.943545,
          31.4636843
        ]
      },
      "id": "node/7568817885"
    },
    {
      "type": "Feature",
      "properties": {
        "@id": "node/7617955685",
        "amenity": "police"
      },
      "geometry": {
        "type": "Point",
        "coordinates": [
          72.5166494,
          36.2812695
        ]
      },
      "id": "node/7617955685"
    },
    {
      "type": "Feature",
      "properties": {
        "@id": "node/7617955785",
        "amenity": "police",
        "name": "Police checkpost"
      },
      "geometry": {
        "type": "Point",
        "coordinates": [
          72.4733317,
          36.1138836
        ]
      },
      "id": "node/7617955785"
    },
    {
      "type": "Feature",
      "properties": {
        "@id": "node/7644485917",
        "amenity": "police"
      },
      "geometry": {
        "type": "Point",
        "coordinates": [
          70.8953785,
          31.8716466
        ]
      },
      "id": "node/7644485917"
    },
    {
      "type": "Feature",
      "properties": {
        "@id": "node/7756375220",
        "addr:city": "Kohistan Lower",
        "amenity": "police",
        "name": "Police & Forest Check Points"
      },
      "geometry": {
        "type": "Point",
        "coordinates": [
          72.9067331,
          34.9974649
        ]
      },
      "id": "node/7756375220"
    },
    {
      "type": "Feature",
      "properties": {
        "@id": "node/7783435011",
        "amenity": "police",
        "name": "Banni Police Station"
      },
      "geometry": {
        "type": "Point",
        "coordinates": [
          73.0619463,
          33.6243672
        ]
      },
      "id": "node/7783435011"
    },
    {
      "type": "Feature",
      "properties": {
        "@id": "node/7801129785",
        "name": "MCA LAW",
        "office": "lawyer"
      },
      "geometry": {
        "type": "Point",
        "coordinates": [
          67.0565518,
          24.7983504
        ]
      },
      "id": "node/7801129785"
    },
    {
      "type": "Feature",
      "properties": {
        "@id": "node/8065145585",
        "amenity": "police",
        "name": "Booni checkpoint"
      },
      "geometry": {
        "type": "Point",
        "coordinates": [
          72.2510179,
          36.2785306
        ]
      },
      "id": "node/8065145585"
    },
    {
      "type": "Feature",
      "properties": {
        "@id": "node/8065145685",
        "amenity": "police"
      },
      "geometry": {
        "type": "Point",
        "coordinates": [
          72.4818503,
          36.0465321
        ]
      },
      "id": "node/8065145685"
    },
    {
      "type": "Feature",
      "properties": {
        "@id": "node/8258701120",
        "amenity": "courthouse",
        "name": "Cour Room of Civil Judge-II Banda Daud Shah"
      },
      "geometry": {
        "type": "Point",
        "coordinates": [
          71.177564,
          33.2731114
        ]
      },
      "id": "node/8258701120"
    },
    {
      "type": "Feature",
      "properties": {
        "@id": "node/8280566117",
        "amenity": "police",
        "name": "Kalkot Police Station"
      },
      "geometry": {
        "type": "Point",
        "coordinates": [
          72.4776842,
          35.0742973
        ]
      },
      "id": "node/8280566117"
    },
    {
      "type": "Feature",
      "properties": {
        "@id": "node/8280575120",
        "addr:street": "Charsadda-Takht Bhai Road",
        "amenity": "police",
        "name": "Khan Mai Police Station"
      },
      "geometry": {
        "type": "Point",
        "coordinates": [
          71.8703054,
          34.2336563
        ]
      },
      "id": "node/8280575120"
    },
    {
      "type": "Feature",
      "properties": {
        "@id": "node/8280575231",
        "amenity": "police",
        "name": "پولیس ٹریننگ اسکول",
        "name:en": "Police Training School",
        "name:ur": "پولیس ٹریننگ اسکول"
      },
      "geometry": {
        "type": "Point",
        "coordinates": [
          72.3473995,
          34.7899439
        ]
      },
      "id": "node/8280575231"
    },
    {
      "type": "Feature",
      "properties": {
        "@id": "node/8280575433",
        "amenity": "police",
        "name": "Katlang Police Station"
      },
      "geometry": {
        "type": "Point",
        "coordinates": [
          72.0960733,
          34.3914335
        ]
      },
      "id": "node/8280575433"
    },
    {
      "type": "Feature",
      "properties": {
        "@id": "node/8280575825",
        "amenity": "police",
        "name": "Saro Shah Police Station"
      },
      "geometry": {
        "type": "Point",
        "coordinates": [
          71.9019218,
          34.2378667
        ]
      },
      "id": "node/8280575825"
    },
    {
      "type": "Feature",
      "properties": {
        "@id": "node/8280878418",
        "amenity": "police",
        "name": "Kanju Police Station"
      },
      "geometry": {
        "type": "Point",
        "coordinates": [
          72.3448099,
          34.8065736
        ]
      },
      "id": "node/8280878418"
    },
    {
      "type": "Feature",
      "properties": {
        "@id": "node/8370849290",
        "amenity": "courthouse",
        "name": "Multan Bench High Court"
      },
      "geometry": {
        "type": "Point",
        "coordinates": [
          71.4408149,
          30.1946968
        ]
      },
      "id": "node/8370849290"
    },
    {
      "type": "Feature",
      "properties": {
        "@id": "node/8380396218",
        "amenity": "police",
        "name": "Mayar Police Station"
      },
      "geometry": {
        "type": "Point",
        "coordinates": [
          72.0768793,
          34.173414
        ]
      },
      "id": "node/8380396218"
    },
    {
      "type": "Feature",
      "properties": {
        "@id": "node/8396280095",
        "amenity": "police",
        "name": "Misri Shah Police Station"
      },
      "geometry": {
        "type": "Point",
        "coordinates": [
          74.34232,
          31.5842145
        ]
      },
      "id": "node/8396280095"
    },
    {
      "type": "Feature",
      "properties": {
        "@id": "node/8424760923",
        "amenity": "police",
        "name": "Shah Qabool Police"
      },
      "geometry": {
        "type": "Point",
        "coordinates": [
          71.5605747,
          34.0033916
        ]
      },
      "id": "node/8424760923"
    },
    {
      "type": "Feature",
      "properties": {
        "@id": "node/8564917476",
        "addr:housenumber": "401",
        "addr:street": "Liberty Market",
        "contact:email": "ashahzad9@gmail.com",
        "contact:facebook": "https://www.facebook.com/advocate.pakistan/",
        "name": "Ahsan Legal Services",
        "office": "lawyer",
        "phone": "+92 4232294967; +92 3214399899",
        "website": "https://alspk.org/"
      },
      "geometry": {
        "type": "Point",
        "coordinates": [
          74.3435802,
          31.5104629
        ]
      },
      "id": "node/8564917476"
    },
    {
      "type": "Feature",
      "properties": {
        "@id": "node/8755517915",
        "addr:city": "اسلام آباد",
        "addr:housenumber": "Office 403, Darwaish Tower",
        "addr:postcode": "44000",
        "addr:street": "Ameer-e-Millat Road",
        "contact:facebook": "http://facebook.com/almeezanlaw.pk",
        "description": "Law Firm",
        "name": "Al Meezan Legal Consultants",
        "name:en": "Al Meezan Legal Consultants",
        "office": "lawyer",
        "opening_hours": "Mo-Fr 09:00-18:00",
        "phone": "92518893411",
        "website": "https://www.almeezanlaw.pk"
      },
      "geometry": {
        "type": "Point",
        "coordinates": [
          72.9733214,
          33.6996574
        ]
      },
      "id": "node/8755517915"
    },
    {
      "type": "Feature",
      "properties": {
        "@id": "node/8786923830",
        "amenity": "police",
        "building": "yes",
        "name": "Police Station Jauharabad City"
      },
      "geometry": {
        "type": "Point",
        "coordinates": [
          72.26872,
          32.284613
        ]
      },
      "id": "node/8786923830"
    },
    {
      "type": "Feature",
      "properties": {
        "@id": "node/8812483246",
        "amenity": "police",
        "name": "تھانہ",
        "name:ar": "قسم الأمن",
        "name:en": "Police Station",
        "name:ur": "تھانہ"
      },
      "geometry": {
        "type": "Point",
        "coordinates": [
          71.904991,
          30.8337631
        ]
      },
      "id": "node/8812483246"
    },
    {
      "type": "Feature",
      "properties": {
        "@id": "node/9235314014",
        "addr:city": "Raiwind",
        "addr:country": "PK",
        "addr:street": "Kasur Raiwind Road",
        "amenity": "police",
        "name": "SDPO Office"
      },
      "geometry": {
        "type": "Point",
        "coordinates": [
          74.2141267,
          31.2415204
        ]
      },
      "id": "node/9235314014"
    },
    {
      "type": "Feature",
      "properties": {
        "@id": "node/9278399353",
        "amenity": "police",
        "name": "A Section Police station",
        "operator": "Sindh Police"
      },
      "geometry": {
        "type": "Point",
        "coordinates": [
          68.8627928,
          27.6936947
        ]
      },
      "id": "node/9278399353"
    },
    {
      "type": "Feature",
      "properties": {
        "@id": "node/9407652672",
        "amenity": "courthouse",
        "name": "Civil/Session Court"
      },
      "geometry": {
        "type": "Point",
        "coordinates": [
          73.7481217,
          33.1483912
        ]
      },
      "id": "node/9407652672"
    },
    {
      "type": "Feature",
      "properties": {
        "@id": "node/9407676798",
        "addr:city": "میرپور",
        "amenity": "courthouse",
        "name": "High Court of AJK"
      },
      "geometry": {
        "type": "Point",
        "coordinates": [
          73.7482198,
          33.1485241
        ]
      },
      "id": "node/9407676798"
    },
    {
      "type": "Feature",
      "properties": {
        "@id": "node/9407689290",
        "amenity": "courthouse",
        "name": "Supreme court of AJK"
      },
      "geometry": {
        "type": "Point",
        "coordinates": [
          73.7469869,
          33.1470344
        ]
      },
      "id": "node/9407689290"
    },
    {
      "type": "Feature",
      "properties": {
        "@id": "node/9407701467",
        "amenity": "police",
        "name": "SSP Office"
      },
      "geometry": {
        "type": "Point",
        "coordinates": [
          73.7472017,
          33.1486101
        ]
      },
      "id": "node/9407701467"
    },
    {
      "type": "Feature",
      "properties": {
        "@id": "node/9593558593",
        "amenity": "police",
        "name": "Bagbanpura Police Station"
      },
      "geometry": {
        "type": "Point",
        "coordinates": [
          74.1795824,
          32.1579655
        ]
      },
      "id": "node/9593558593"
    },
    {
      "type": "Feature",
      "properties": {
        "@id": "node/9772907521",
        "amenity": "police",
        "name": "Checkpoint"
      },
      "geometry": {
        "type": "Point",
        "coordinates": [
          74.9451748,
          35.1936355
        ]
      },
      "id": "node/9772907521"
    },
    {
      "type": "Feature",
      "properties": {
        "@id": "node/9865171617",
        "addr:postcode": "30000",
        "email": "dtlabk@gmail.com",
        "name": "DANISH LAW ASSOCIATES",
        "office": "lawyer",
        "opening_hours": "Fr-We 10:00-19:00; Th 00:00-24:00",
        "phone": "03367788558"
      },
      "geometry": {
        "type": "Point",
        "coordinates": [
          71.0878838,
          31.6083678
        ]
      },
      "id": "node/9865171617"
    },
    {
      "type": "Feature",
      "properties": {
        "@id": "node/9958603617",
        "amenity": "police",
        "name:en": "Check point"
      },
      "geometry": {
        "type": "Point",
        "coordinates": [
          75.9141693,
          35.2157998
        ]
      },
      "id": "node/9958603617"
    },
    {
      "type": "Feature",
      "properties": {
        "@id": "node/9962824461",
        "amenity": "police",
        "name": "تھانہ صالح بھبرو",
        "name:ur": "تھانہ صالح بھبرو"
      },
      "geometry": {
        "type": "Point",
        "coordinates": [
          69.39929,
          25.3982703
        ]
      },
      "id": "node/9962824461"
    },
    {
      "type": "Feature",
      "properties": {
        "@id": "node/10137805817",
        "amenity": "police",
        "name": "Sindh rangers post"
      },
      "geometry": {
        "type": "Point",
        "coordinates": [
          66.9884843,
          24.8762649
        ]
      },
      "id": "node/10137805817"
    },
    {
      "type": "Feature",
      "properties": {
        "@id": "node/10199243122",
        "amenity": "police",
        "name": "DAGARI CHECK POST"
      },
      "geometry": {
        "type": "Point",
        "coordinates": [
          67.0282496,
          29.9748725
        ]
      },
      "id": "node/10199243122"
    },
    {
      "type": "Feature",
      "properties": {
        "@id": "node/10199248617",
        "amenity": "police",
        "name": "DRANJAN CHECK POST"
      },
      "geometry": {
        "type": "Point",
        "coordinates": [
          67.4846112,
          29.5347092
        ]
      },
      "id": "node/10199248617"
    },
    {
      "type": "Feature",
      "properties": {
        "@id": "node/10203931789",
        "amenity": "police",
        "name": "Peshawar University Police Station"
      },
      "geometry": {
        "type": "Point",
        "coordinates": [
          71.4876328,
          34.0108681
        ]
      },
      "id": "node/10203931789"
    },
    {
      "type": "Feature",
      "properties": {
        "@id": "node/10313290656",
        "amenity": "police",
        "name": "Police Office (registration for Fairy Meadows)"
      },
      "geometry": {
        "type": "Point",
        "coordinates": [
          74.5923861,
          35.4941291
        ]
      },
      "id": "node/10313290656"
    },
    {
      "type": "Feature",
      "properties": {
        "@id": "node/10316636759",
        "amenity": "police",
        "name": "Police Station Noorja"
      },
      "geometry": {
        "type": "Point",
        "coordinates": [
          67.8214988,
          26.6496696
        ]
      },
      "id": "node/10316636759"
    },
    {
      "type": "Feature",
      "properties": {
        "@id": "node/10606520409",
        "amenity": "courthouse",
        "name": "High Court AJ & K"
      },
      "geometry": {
        "type": "Point",
        "coordinates": [
          73.4639855,
          34.3457463
        ]
      },
      "id": "node/10606520409"
    },
    {
      "type": "Feature",
      "properties": {
        "@id": "node/10752176097",
        "amenity": "police",
        "name": "Gwadar Police Station"
      },
      "geometry": {
        "type": "Point",
        "coordinates": [
          62.3380302,
          25.187509
        ]
      },
      "id": "node/10752176097"
    },
    {
      "type": "Feature",
      "properties": {
        "@id": "node/10774529163",
        "amenity": "police",
        "name": "Police station"
      },
      "geometry": {
        "type": "Point",
        "coordinates": [
          74.3545836,
          31.4736705
        ]
      },
      "id": "node/10774529163"
    },
    {
      "type": "Feature",
      "properties": {
        "@id": "node/10811672773",
        "amenity": "police",
        "name": "Police checkpoint"
      },
      "geometry": {
        "type": "Point",
        "coordinates": [
          75.4587103,
          35.4526438
        ]
      },
      "id": "node/10811672773"
    },
    {
      "type": "Feature",
      "properties": {
        "@id": "node/10811705373",
        "amenity": "police",
        "name": "Custom checkpoint"
      },
      "geometry": {
        "type": "Point",
        "coordinates": [
          74.8289953,
          36.7474998
        ]
      },
      "id": "node/10811705373"
    },
    {
      "type": "Feature",
      "properties": {
        "@id": "node/10811710140",
        "amenity": "police",
        "name": "Police checkpoint"
      },
      "geometry": {
        "type": "Point",
        "coordinates": [
          75.0010159,
          36.8634349
        ]
      },
      "id": "node/10811710140"
    },
    {
      "type": "Feature",
      "properties": {
        "@id": "node/10831664274",
        "amenity": "police",
        "name": "Police checkpoint"
      },
      "geometry": {
        "type": "Point",
        "coordinates": [
          74.2431893,
          36.1176351
        ]
      },
      "id": "node/10831664274"
    },
    {
      "type": "Feature",
      "properties": {
        "@id": "node/10885773464",
        "amenity": "police",
        "operator": "police"
      },
      "geometry": {
        "type": "Point",
        "coordinates": [
          67.1263132,
          24.8874249
        ]
      },
      "id": "node/10885773464"
    },
    {
      "type": "Feature",
      "properties": {
        "@id": "node/11098878778",
        "addr:city": "MUZAFFAR GARH",
        "addr:postcode": "34200",
        "addr:street": "MAIN TREET GULSHAN E AZIZ",
        "name": "QAIS & CO TAX ACCOUNTANTS AND ADVOCATES",
        "name:en": "Qais Muhammad Yasir",
        "office": "lawyer",
        "opening_hours": "Mo-Fr 09:00-17:00",
        "phone": "+923039156044",
        "website": "https://mgarh.pk"
      },
      "geometry": {
        "type": "Point",
        "coordinates": [
          71.1708683,
          30.0674361
        ]
      },
      "id": "node/11098878778"
    },
    {
      "type": "Feature",
      "properties": {
        "@id": "node/11118664805",
        "amenity": "police"
      },
      "geometry": {
        "type": "Point",
        "coordinates": [
          72.8704932,
          34.9156821
        ]
      },
      "id": "node/11118664805"
    },
    {
      "type": "Feature",
      "properties": {
        "@id": "node/11122069906",
        "amenity": "police",
        "name": "Police Check point"
      },
      "geometry": {
        "type": "Point",
        "coordinates": [
          75.4917638,
          35.7073147
        ]
      },
      "id": "node/11122069906"
    },
    {
      "type": "Feature",
      "properties": {
        "@id": "node/11122077010",
        "amenity": "police",
        "name": "Army Checkpoint"
      },
      "geometry": {
        "type": "Point",
        "coordinates": [
          74.2811359,
          36.8353489
        ]
      },
      "id": "node/11122077010"
    },
    {
      "type": "Feature",
      "properties": {
        "@id": "node/11122078206",
        "amenity": "police",
        "name:es": "Police Checkpoint"
      },
      "geometry": {
        "type": "Point",
        "coordinates": [
          76.3105812,
          35.1746612
        ]
      },
      "id": "node/11122078206"
    },
    {
      "type": "Feature",
      "properties": {
        "@id": "node/11158240105",
        "amenity": "police",
        "name": "Rangers’ Checkpoint (foreign passport holders need to register here)"
      },
      "geometry": {
        "type": "Point",
        "coordinates": [
          74.243362,
          36.1178386
        ]
      },
      "id": "node/11158240105"
    },
    {
      "type": "Feature",
      "properties": {
        "@id": "node/11160632705",
        "amenity": "police"
      },
      "geometry": {
        "type": "Point",
        "coordinates": [
          71.3627815,
          34.0194157
        ]
      },
      "id": "node/11160632705"
    },
    {
      "type": "Feature",
      "properties": {
        "@id": "node/11397384987",
        "amenity": "police"
      },
      "geometry": {
        "type": "Point",
        "coordinates": [
          74.5720021,
          31.6040706
        ]
      },
      "id": "node/11397384987"
    },
    {
      "type": "Feature",
      "properties": {
        "@id": "node/11433528269",
        "amenity": "police"
      },
      "geometry": {
        "type": "Point",
        "coordinates": [
          71.8530232,
          33.8301131
        ]
      },
      "id": "node/11433528269"
    },
    {
      "type": "Feature",
      "properties": {
        "@id": "node/11433532269",
        "amenity": "police"
      },
      "geometry": {
        "type": "Point",
        "coordinates": [
          71.8066212,
          33.9440774
        ]
      },
      "id": "node/11433532269"
    },
    {
      "type": "Feature",
      "properties": {
        "@id": "node/11455226709",
        "amenity": "police",
        "name": "Kot Sultan Poice Station"
      },
      "geometry": {
        "type": "Point",
        "coordinates": [
          70.9305813,
          30.7714325
        ]
      },
      "id": "node/11455226709"
    },
    {
      "type": "Feature",
      "properties": {
        "@id": "node/11860641329",
        "amenity": "police",
        "source_url": "https://www.3sat.de/dokumentation/reise/hoch-hinaus-margots-abenteuerliche-reise-himalaya-100.html"
      },
      "geometry": {
        "type": "Point",
        "coordinates": [
          67.7399364,
          30.8276774
        ]
      },
      "id": "node/11860641329"
    },
    {
      "type": "Feature",
      "properties": {
        "@id": "node/11877286069",
        "office": "lawyer"
      },
      "geometry": {
        "type": "Point",
        "coordinates": [
          73.7424556,
          30.4306473
        ]
      },
      "id": "node/11877286069"
    },
    {
      "type": "Feature",
      "properties": {
        "@id": "node/11877287369",
        "office": "lawyer"
      },
      "geometry": {
        "type": "Point",
        "coordinates": [
          73.7409064,
          30.430798
        ]
      },
      "id": "node/11877287369"
    },
    {
      "type": "Feature",
      "properties": {
        "@id": "node/11877290069",
        "name": "دربار میاں محمد حسن خان",
        "office": "lawyer"
      },
      "geometry": {
        "type": "Point",
        "coordinates": [
          73.7386198,
          30.4326228
        ]
      },
      "id": "node/11877290069"
    },
    {
      "type": "Feature",
      "properties": {
        "@id": "node/11930012111",
        "amenity": "police",
        "name": "Shershah Police Station"
      },
      "geometry": {
        "type": "Point",
        "coordinates": [
          66.9735659,
          24.8724787
        ]
      },
      "id": "node/11930012111"
    },
    {
      "type": "Feature",
      "properties": {
        "@id": "node/12125526435",
        "addr:city": "Karachi",
        "addr:street": "R 15, Gulshan-e-Waseem Sector 16 A Buffer Zone,",
        "name": "HAFIZ LAW ASSOCIATES",
        "office": "lawyer"
      },
      "geometry": {
        "type": "Point",
        "coordinates": [
          67.0669868,
          24.9496042
        ]
      },
      "id": "node/12125526435"
    },
    {
      "type": "Feature",
      "properties": {
        "@id": "node/12138100900",
        "addr:city": "Karachi",
        "addr:street": "Plot No، Office No.11, Ground Floor Nadeem Corner، SC-16, Block N North Nazimabad Town",
        "name": "MAS Law Associates",
        "office": "lawyer",
        "phone": "03012556166",
        "website": "https://www.maslawassociates.com/"
      },
      "geometry": {
        "type": "Point",
        "coordinates": [
          67.0615536,
          24.9506044
        ]
      },
      "id": "node/12138100900"
    },
    {
      "type": "Feature",
      "properties": {
        "@id": "node/12142141598",
        "addr:city": "Karachi",
        "addr:street": "A-569 Service Rd, Block N North Nazimabad Town",
        "name": "Law Breaker Networks",
        "office": "lawyer"
      },
      "geometry": {
        "type": "Point",
        "coordinates": [
          67.0602704,
          24.9507865
        ]
      },
      "id": "node/12142141598"
    },
    {
      "type": "Feature",
      "properties": {
        "@id": "node/12146175093",
        "addr:city": "Karachi",
        "addr:street": "R4HP+9H5, Sector 32/C Gulzar Colony Sector 32 B Korangi,",
        "amenity": "police",
        "name": "R choki"
      },
      "geometry": {
        "type": "Point",
        "coordinates": [
          67.1364723,
          24.8284024
        ]
      },
      "id": "node/12146175093"
    },
    {
      "type": "Feature",
      "properties": {
        "@id": "node/12146177207",
        "addr:city": "Karachi",
        "addr:street": "no.1, 1/2, Sector 32/C Gulzar Colony Sector 32 B Korangi,",
        "amenity": "police",
        "name": "Police station"
      },
      "geometry": {
        "type": "Point",
        "coordinates": [
          67.1364489,
          24.8284967
        ]
      },
      "id": "node/12146177207"
    },
    {
      "type": "Feature",
      "properties": {
        "@id": "node/12153982526",
        "addr:city": "Karachi",
        "addr:street": "Office # Sh.-1, Anam Terrace, Plot # SC, 14, Block L North Nazimabad Town",
        "name": "Sendpack Pakistan & NADRA KIOSK / e-Sahulat Center",
        "office": "lawyer"
      },
      "geometry": {
        "type": "Point",
        "coordinates": [
          67.0594627,
          24.9418417
        ]
      },
      "id": "node/12153982526"
    },
    {
      "type": "Feature",
      "properties": {
        "@id": "node/12154048119",
        "addr:city": "Karachi",
        "addr:street": "Block 1 Liaquatabad Town, Karachi, Karachi City, Sindh 74600, Pakistan",
        "amenity": "police",
        "name": "Super Market Police Station & SDPO Gulbahar office"
      },
      "geometry": {
        "type": "Point",
        "coordinates": [
          67.0370929,
          24.9010863
        ]
      },
      "id": "node/12154048119"
    },
    {
      "type": "Feature",
      "properties": {
        "@id": "node/12155453125",
        "addr:city": "Karachi",
        "addr:street": "Room # 5 1st floor Baidar Market, Main Liaquatabad Rd, near Alpine Geleto, Block 3 Liaquatabad Town, Karachi, Karachi City, Sindh 74600, Pakistan",
        "name": "Rais.k.Bangash Law Associates",
        "office": "lawyer",
        "phone": "03002136304"
      },
      "geometry": {
        "type": "Point",
        "coordinates": [
          67.0476205,
          24.9060216
        ]
      },
      "id": "node/12155453125"
    },
    {
      "type": "Feature",
      "properties": {
        "@id": "node/12157560312",
        "addr:city": "Karachi",
        "addr:street": "Plot K, 12, Phase 1 Defence View Housing Society",
        "amenity": "police",
        "name": "Baloch Colony Police Station & SDPO Mehmoodabad"
      },
      "geometry": {
        "type": "Point",
        "coordinates": [
          67.0782212,
          24.8367551
        ]
      },
      "id": "node/12157560312"
    },
    {
      "type": "Feature",
      "properties": {
        "@id": "node/12158285698",
        "addr:city": "Karachi",
        "addr:street": ", Ibn-e-Sina Rd E, Civil Lines Punjab Colony Nazimabad, Karachi,",
        "amenity": "police",
        "name": "Superintendent of Police"
      },
      "geometry": {
        "type": "Point",
        "coordinates": [
          67.0419105,
          24.9101067
        ]
      },
      "id": "node/12158285698"
    },
    {
      "type": "Feature",
      "properties": {
        "@id": "node/12160056341",
        "addr:city": "Karachi",
        "addr:street": "House No#84, Block 4 Nazimabad, Karachi, Karachi City, Sindh 74600, Pakistan",
        "amenity": "police",
        "name": "S.S.P Asif Ahmed Bughio",
        "phone": "03332740185"
      },
      "geometry": {
        "type": "Point",
        "coordinates": [
          67.0335582,
          24.9108215
        ]
      },
      "id": "node/12160056341"
    },
    {
      "type": "Feature",
      "properties": {
        "@id": "node/12160084943",
        "addr:city": "Karachi",
        "addr:street": ", Nazimabad No. 4 Block 4 Nazimabad, Karachi,",
        "amenity": "police",
        "name": "Police Station Nazimabad& SDPO Nazimabad.",
        "phone": "02199260502",
        "website": "http://www.sindhpolice.gov.pk/"
      },
      "geometry": {
        "type": "Point",
        "coordinates": [
          67.0334195,
          24.911109
        ]
      },
      "id": "node/12160084943"
    },
    {
      "type": "Feature",
      "properties": {
        "@id": "node/12160260450",
        "addr:city": "Karachi",
        "addr:street": "20-C, Lane 12, Khayaban-e-Ittehad Road, D.H.A Phase II Extension Phase 2 Commercial Area",
        "amenity": "police",
        "name": "CMC (Pvt) Ltd."
      },
      "geometry": {
        "type": "Point",
        "coordinates": [
          67.0742378,
          24.8327539
        ]
      },
      "id": "node/12160260450"
    },
    {
      "type": "Feature",
      "properties": {
        "@id": "node/12160500463",
        "addr:city": "Karachi",
        "addr:street": "Rukunuddin St, Nazimabad No. 4 Block 4 Nazimabad, Karachi, Karachi City, Sindh, Pakistan",
        "name": "Ali law associates",
        "office": "lawyer"
      },
      "geometry": {
        "type": "Point",
        "coordinates": [
          67.0347567,
          24.9152227
        ]
      },
      "id": "node/12160500463"
    },
    {
      "type": "Feature",
      "properties": {
        "@id": "node/12162192015",
        "addr:city": "Karachi",
        "addr:street": "W2PX+MCF, Tariq Bin Ziyad Rd, Block H North Nazimabad Town",
        "amenity": "courthouse",
        "name": "Hyderi Futsal Court"
      },
      "geometry": {
        "type": "Point",
        "coordinates": [
          67.0484933,
          24.9367073
        ]
      },
      "id": "node/12162192015"
    },
    {
      "type": "Feature",
      "properties": {
        "@id": "node/12162246974",
        "addr:city": "Karachi",
        "addr:street": "1 Off, Block H North Nazimabad Town",
        "name": "Ali Law Associates",
        "office": "lawyer"
      },
      "geometry": {
        "type": "Point",
        "coordinates": [
          67.051381,
          24.9319671
        ]
      },
      "id": "node/12162246974"
    },
    {
      "type": "Feature",
      "properties": {
        "@id": "node/12165015960",
        "addr:city": "Karachi",
        "addr:housenumber": "Plot No, 721",
        "addr:street": "B, Office No. 3, Ground Floor on Federal, Area Block 14",
        "name": "The Legal Clinic",
        "office": "lawyer"
      },
      "geometry": {
        "type": "Point",
        "coordinates": [
          67.0755753,
          24.9337402
        ]
      },
      "id": "node/12165015960"
    },
    {
      "type": "Feature",
      "properties": {
        "@id": "node/12165546613",
        "addr:city": "Karachi",
        "addr:street": "just, Shamim Apartment, Ayesha Manzil Pedestrian Crosssing, beside to the DOW Lab, Federal B Area Block 10 Gulberg Town",
        "name": "JAF.CO LAW ASSOCIATES",
        "office": "lawyer"
      },
      "geometry": {
        "type": "Point",
        "coordinates": [
          67.0647953,
          24.9291
        ]
      },
      "id": "node/12165546613"
    },
    {
      "type": "Feature",
      "properties": {
        "@id": "node/12167857337",
        "addr:city": "Karachi",
        "addr:street": "R3H5+5G2, 11th Commercial St, D.H.A. Phase 4 Phase 4 Defence Housing Authority,",
        "amenity": "police",
        "name": "Gizri Police Lines"
      },
      "geometry": {
        "type": "Point",
        "coordinates": [
          67.0588738,
          24.8278372
        ]
      },
      "id": "node/12167857337"
    },
    {
      "type": "Feature",
      "properties": {
        "@id": "node/12172050381",
        "addr:city": "Karachi",
        "addr:street": "Gulbahar Eidgah Colony, Karachi, Karachi City, Sindh 74600, Pakistan",
        "amenity": "police",
        "name": "Rizvia Police Station رضویہ پولیس اسٹیشن"
      },
      "geometry": {
        "type": "Point",
        "coordinates": [
          67.0231543,
          24.8937824
        ]
      },
      "id": "node/12172050381"
    },
    {
      "type": "Feature",
      "properties": {
        "@id": "node/12172241861",
        "addr:city": "Karachi",
        "addr:housenumber": "V2GJ+2",
        "addr:street": "Fatima Residency, Clayton Rd, Soldier Bazaar",
        "name": "HA Law Associates",
        "office": "lawyer",
        "phone": "03367877228"
      },
      "geometry": {
        "type": "Point",
        "coordinates": [
          67.0306916,
          24.8749762
        ]
      },
      "id": "node/12172241861"
    },
    {
      "type": "Feature",
      "properties": {
        "@id": "node/12176283140",
        "amenity": "police",
        "name": "Cerat Cement Factory Police Station"
      },
      "geometry": {
        "type": "Point",
        "coordinates": [
          71.908612,
          33.9085646
        ]
      },
      "id": "node/12176283140"
    },
    {
      "type": "Feature",
      "properties": {
        "@id": "node/12185868963",
        "addr:city": "Karachi",
        "addr:street": "Five Star Chowrangi, Suite A-2, 1st Floor, JF Plaza, Block D North Nazimabad Town",
        "name": "Al Haqq Law Firm - Advocates, Barristers, Lawyers, Legal & Tax Consultants Karachi, Pakistan",
        "office": "lawyer"
      },
      "geometry": {
        "type": "Point",
        "coordinates": [
          67.0462594,
          24.9420586
        ]
      },
      "id": "node/12185868963"
    },
    {
      "type": "Feature",
      "properties": {
        "@id": "node/12188134418",
        "addr:city": "Karachi",
        "addr:street": "Plot-10, street-8 Allama Iqbal Rd, Manzoor Colony Sector F Manzoor Colony, K",
        "name": "London Law Chamber Evening office",
        "office": "lawyer"
      },
      "geometry": {
        "type": "Point",
        "coordinates": [
          67.0869587,
          24.847974
        ]
      },
      "id": "node/12188134418"
    },
    {
      "type": "Feature",
      "properties": {
        "@id": "node/12188176792",
        "addr:city": "Karachi",
        "addr:housenumber": "V29C+WV9",
        "addr:street": ", Gazdarabad Police Head Quarters,",
        "amenity": "police",
        "name": "Forensics Division, Sindh Police"
      },
      "geometry": {
        "type": "Point",
        "coordinates": [
          67.0221653,
          24.8698479
        ]
      },
      "id": "node/12188176792"
    },
    {
      "type": "Feature",
      "properties": {
        "@id": "node/12188477805",
        "addr:city": "Karachi",
        "addr:street": "A400, Plot A 400, Block D North Nazimabad Town",
        "name": "MS LAW ASSOCIATES",
        "office": "lawyer"
      },
      "geometry": {
        "type": "Point",
        "coordinates": [
          67.0407942,
          24.9414529
        ]
      },
      "id": "node/12188477805"
    },
    {
      "type": "Feature",
      "properties": {
        "@id": "node/12194326598",
        "addr:city": "Karachi",
        "addr:housenumber": "V29C+WV9",
        "addr:street": ", Gazdarabad Police Head Quarters,",
        "amenity": "police",
        "name": "Forensics Division, Sindh Police"
      },
      "geometry": {
        "type": "Point",
        "coordinates": [
          67.0222048,
          24.8702718
        ]
      },
      "id": "node/12194326598"
    },
    {
      "type": "Feature",
      "properties": {
        "@id": "node/12194360128",
        "addr:city": "Karachi",
        "addr:housenumber": "V29C+F5V",
        "addr:street": ", Gazdarabad Police Head Quarters,",
        "amenity": "police",
        "name": "Garden Police Headquarters"
      },
      "geometry": {
        "type": "Point",
        "coordinates": [
          67.0206191,
          24.8687844
        ]
      },
      "id": "node/12194360128"
    },
    {
      "type": "Feature",
      "properties": {
        "@id": "node/12194422553",
        "addr:city": "Karachi",
        "addr:housenumber": "V29C+JXH",
        "addr:street": "، Gazdarabad, Police Head Quarters,",
        "amenity": "police",
        "name": "DIGP Traffic Office karachi"
      },
      "geometry": {
        "type": "Point",
        "coordinates": [
          67.0225592,
          24.8693155
        ]
      },
      "id": "node/12194422553"
    },
    {
      "type": "Feature",
      "properties": {
        "@id": "node/12194440828",
        "addr:city": "Karachi",
        "addr:housenumber": "V29C+CF",
        "addr:street": "Quarter no 4, Block g Type f garden Police Headquarter Saddar, Garden Rd, Police Head Quarters,",
        "amenity": "police",
        "name": "PHQ South, Garden"
      },
      "geometry": {
        "type": "Point",
        "coordinates": [
          67.0211438,
          24.868652
        ]
      },
      "id": "node/12194440828"
    },
    {
      "type": "Feature",
      "properties": {
        "@id": "node/12194478028",
        "addr:city": "Karachi",
        "addr:housenumber": "V28C+M6",
        "addr:street": "Gazdarabad Police Head Quarters,",
        "amenity": "police",
        "name": "FC Head Quarters line Garden"
      },
      "geometry": {
        "type": "Point",
        "coordinates": [
          67.0206641,
          24.866744
        ]
      },
      "id": "node/12194478028"
    },
    {
      "type": "Feature",
      "properties": {
        "@id": "node/12196292832",
        "addr:city": "Karachi",
        "addr:street": "Office No 5, Saima Bridge View, Block-B Block B North Nazimabad Town",
        "name": "Azeem Ahmed & Associates (Pvt) Ltd.",
        "office": "lawyer"
      },
      "geometry": {
        "type": "Point",
        "coordinates": [
          67.032372,
          24.924072
        ]
      },
      "id": "node/12196292832"
    },
    {
      "type": "Feature",
      "properties": {
        "@id": "node/12201879343",
        "addr:city": "Karachi",
        "addr:street": "Block 5-C Block 5 D Block 5 Nazimabad, Karachi, Karachi City, Sindh 74600, Pakistan",
        "name": "Mufti Law Associates",
        "office": "lawyer",
        "phone": "03213296583"
      },
      "geometry": {
        "type": "Point",
        "coordinates": [
          67.025563,
          24.9216859
        ]
      },
      "id": "node/12201879343"
    },
    {
      "type": "Feature",
      "properties": {
        "@id": "node/12202095196",
        "addr:city": "Karachi",
        "addr:street": "D 13, Block A North Nazimabad Town",
        "name": "Chhipa Law Associates",
        "office": "lawyer"
      },
      "geometry": {
        "type": "Point",
        "coordinates": [
          67.0357101,
          24.9301602
        ]
      },
      "id": "node/12202095196"
    },
    {
      "type": "Feature",
      "properties": {
        "@id": "node/12203280457",
        "addr:city": "Karachi",
        "addr:street": "Block, KDA Apartments, Office number, A St - 08, North Nazimabad",
        "name": "Trademark Registration by E-Comia",
        "office": "lawyer"
      },
      "geometry": {
        "type": "Point",
        "coordinates": [
          67.0364178,
          24.9319599
        ]
      },
      "id": "node/12203280457"
    },
    {
      "type": "Feature",
      "properties": {
        "@id": "node/12205156601",
        "addr:city": "کراچی",
        "addr:street": "Municipal Research and Training Center, Block 3 Clifton,",
        "amenity": "courthouse",
        "name": "Anti Terrorism Court Karachi"
      },
      "geometry": {
        "type": "Point",
        "coordinates": [
          67.0208413,
          24.8105318
        ]
      },
      "id": "node/12205156601"
    },
    {
      "type": "Feature",
      "properties": {
        "@id": "node/12206600442",
        "addr:city": "karachi",
        "addr:housenumber": "K-293,",
        "addr:street": "Kausar Niazi Colony,",
        "amenity": "police",
        "name": "Ghulam-e-MUSTAFA Sindh government."
      },
      "geometry": {
        "type": "Point",
        "coordinates": [
          67.0550475,
          24.9348399
        ]
      },
      "id": "node/12206600442"
    },
    {
      "type": "Feature",
      "properties": {
        "@id": "node/12208594337",
        "amenity": "police"
      },
      "geometry": {
        "type": "Point",
        "coordinates": [
          74.142091,
          35.3722187
        ]
      },
      "id": "node/12208594337"
    },
    {
      "type": "Feature",
      "properties": {
        "@id": "node/12227785195",
        "addr:city": "Karachi",
        "addr:street": "W2RM+WXW, Block R North Nazimabad Town",
        "amenity": "police",
        "name": "S.D.P.O. Shadman Office"
      },
      "geometry": {
        "type": "Point",
        "coordinates": [
          67.0349631,
          24.942466
        ]
      },
      "id": "node/12227785195"
    },
    {
      "type": "Feature",
      "properties": {
        "@id": "node/12232800774",
        "addr:city": "Karachi",
        "addr:housenumber": "V2GJ+29",
        "addr:street": "Fatima Residency, Clayton Rd, Soldier Bazaar",
        "name": "HA Law Associates",
        "office": "lawyer",
        "phone": "03367877228"
      },
      "geometry": {
        "type": "Point",
        "coordinates": [
          67.031033,
          24.8751078
        ]
      },
      "id": "node/12232800774"
    },
    {
      "type": "Feature",
      "properties": {
        "@id": "node/12235910529",
        "addr:city": "Karachi",
        "addr:street": "V3Q3+8P6, Central Jail University Rd, Karachi, Main University Rd, PIB Colony,",
        "amenity": "courthouse",
        "name": "Anti Terrorism Courts"
      },
      "geometry": {
        "type": "Point",
        "coordinates": [
          67.0543965,
          24.8877816
        ]
      },
      "id": "node/12235910529"
    },
    {
      "type": "Feature",
      "properties": {
        "@id": "node/12241589123",
        "addr:city": "Karachi",
        "addr:housenumber": ", 29/4-A",
        "addr:street": "Jamshed RdBihar Colony",
        "name": "ULA - Umair Law Associates",
        "office": "lawyer"
      },
      "geometry": {
        "type": "Point",
        "coordinates": [
          67.0482625,
          24.8859411
        ]
      },
      "id": "node/12241589123"
    },
    {
      "type": "Feature",
      "properties": {
        "@id": "node/12243682992",
        "addr:city": "karachi",
        "addr:street": "V2JR+WP2, Jamshed Quarters Allama Binori",
        "amenity": "police",
        "name": "S.I.U. and P.S. Jamshed"
      },
      "geometry": {
        "type": "Point",
        "coordinates": [
          67.041918,
          24.8822497
        ]
      },
      "id": "node/12243682992"
    },
    {
      "type": "Feature",
      "properties": {
        "@id": "node/12243690442",
        "addr:city": "karachi",
        "addr:street": "V2JR+RM4, Jamshed Quarters Allama Binori Town",
        "amenity": "police",
        "name": "Crime Branch 2"
      },
      "geometry": {
        "type": "Point",
        "coordinates": [
          67.0417034,
          24.8822443
        ]
      },
      "id": "node/12243690442"
    },
    {
      "type": "Feature",
      "properties": {
        "@id": "node/12243742709",
        "addr:city": "karachi",
        "addr:street": "V2JR+WP2, Gokhale Rd, Jamshed Quarters Allama Binori Town,",
        "amenity": "police",
        "name": "Police station Jamshed Quarter"
      },
      "geometry": {
        "type": "Point",
        "coordinates": [
          67.0418316,
          24.88242
        ]
      },
      "id": "node/12243742709"
    },
    {
      "type": "Feature",
      "properties": {
        "@id": "node/12250129893",
        "addr:city": "Karachi",
        "addr:street": "New MA Jinnah Rd, Fatima Jinnah Colony, Jamshed Quarters,",
        "amenity": "courthouse",
        "name": "Centre Court"
      },
      "geometry": {
        "type": "Point",
        "coordinates": [
          67.048413,
          24.8802088
        ]
      },
      "id": "node/12250129893"
    },
    {
      "type": "Feature",
      "properties": {
        "@id": "node/12252409523",
        "addr:city": "karachi",
        "addr:street": "Shop Number 767, Sector 3, Karachi, Karachi City, Sindh 75760, Pakistan",
        "name": "Hassan Law Associates And Real Estates",
        "office": "lawyer",
        "phone": "03290070074"
      },
      "geometry": {
        "type": "Point",
        "coordinates": [
          66.9685385,
          24.9230923
        ]
      },
      "id": "node/12252409523"
    },
    {
      "type": "Feature",
      "properties": {
        "@id": "node/12255017393",
        "addr:city": "Karachi",
        "addr:street": "V229+MJH, M. R. Kiyani Rd. (Ingle Rd.), Saddar",
        "amenity": "courthouse",
        "name": "Supreme Court of Pakistan"
      },
      "geometry": {
        "type": "Point",
        "coordinates": [
          67.0186126,
          24.8520382
        ]
      },
      "id": "node/12255017393"
    },
    {
      "type": "Feature",
      "properties": {
        "@id": "node/12258308720",
        "addr:city": "Karachi",
        "addr:street": "Karachi, Office no, 401 to 407 ,Ayesha Chambers, near Sindh High Court,",
        "name": "Advocate Mir Zuhaib Hussain",
        "office": "lawyer"
      },
      "geometry": {
        "type": "Point",
        "coordinates": [
          67.0240284,
          24.8579345
        ]
      },
      "id": "node/12258308720"
    },
    {
      "type": "Feature",
      "properties": {
        "@id": "node/12258317574",
        "addr:city": "Karachi",
        "addr:street": "suite#m26 ground floor paradise chamber, near passport office, saddar ,karachi,",
        "name": "MRB law frim",
        "office": "lawyer"
      },
      "geometry": {
        "type": "Point",
        "coordinates": [
          67.0237904,
          24.8580422
        ]
      },
      "id": "node/12258317574"
    },
    {
      "type": "Feature",
      "properties": {
        "@id": "node/12278420935",
        "addr:city": "karachi",
        "addr:street": "Plot No 40, Street No 3, Sector A-3, Baldia Town Saeedabad, Karachi, Pakistan",
        "name": "Javed Khalid Ran Advocate",
        "office": "lawyer",
        "phone": "03212077255"
      },
      "geometry": {
        "type": "Point",
        "coordinates": [
          66.9661641,
          24.9165382
        ]
      },
      "id": "node/12278420935"
    },
    {
      "type": "Feature",
      "properties": {
        "@id": "node/12278573195",
        "addr:city": "Karachi",
        "addr:housenumber": "V27C+FF",
        "addr:street": "Suite # 22 4th Floor, Rahman Court Building, Muhammad Ali Jinnah Rd, Preedy Quarters, Karachi,",
        "name": "JURISAID LAW ASSOCIATES",
        "office": "lawyer",
        "phone": "2112345678"
      },
      "geometry": {
        "type": "Point",
        "coordinates": [
          67.0212082,
          24.8637281
        ]
      },
      "id": "node/12278573195"
    },
    {
      "type": "Feature",
      "properties": {
        "@id": "node/12278821129",
        "addr:city": "Karachi",
        "addr:housenumber": "26-A",
        "addr:street": "Manzar-e-Alam Rd, New Karachi Co-Operative Housing Society New Karachi Society",
        "amenity": "courthouse",
        "name": "Baadban Shippers - Customs Clearing and Forwarding"
      },
      "geometry": {
        "type": "Point",
        "coordinates": [
          67.0630826,
          24.8781643
        ]
      },
      "id": "node/12278821129"
    },
    {
      "type": "Feature",
      "properties": {
        "@id": "node/12281664067",
        "addr:city": "Karachi",
        "addr:street": "Popular Plaza, Suit 20, opposite Malir Court, Popular Villas Malir Cantonment,",
        "name": "A R documentation legal service and court marraige",
        "office": "lawyer"
      },
      "geometry": {
        "type": "Point",
        "coordinates": [
          67.1965133,
          24.8731897
        ]
      },
      "id": "node/12281664067"
    },
    {
      "type": "Feature",
      "properties": {
        "@id": "node/12281694695",
        "addr:city": "karachi",
        "addr:street": "Suite No. 01, 1st Floor Building, 20B Midway Ave, Commercial Area B Bahria Town",
        "name": "Raza & Raza Law Associate",
        "office": "lawyer"
      },
      "geometry": {
        "type": "Point",
        "coordinates": [
          67.3067135,
          25.0304993
        ]
      },
      "id": "node/12281694695"
    },
    {
      "type": "Feature",
      "properties": {
        "@id": "node/12284949524",
        "addr:city": "Karachi",
        "addr:street": "Sector 5 Baldia, Karachi, Karachi City, Sindh, Pakistan",
        "amenity": "police",
        "name": "Traffic police",
        "phone": "https://sindhpolice.gov.pk/"
      },
      "geometry": {
        "type": "Point",
        "coordinates": [
          66.9526907,
          24.9140228
        ]
      },
      "id": "node/12284949524"
    },
    {
      "type": "Feature",
      "properties": {
        "@id": "node/12287944176",
        "addr:city": "Karachi",
        "addr:street": "Office No. 201, FL 4/15, 5 Block, Gulshan-e-Iqbal",
        "name": "Salman Associates",
        "office": "lawyer"
      },
      "geometry": {
        "type": "Point",
        "coordinates": [
          67.0944228,
          24.9205123
        ]
      },
      "id": "node/12287944176"
    },
    {
      "type": "Feature",
      "properties": {
        "@id": "node/12288068499",
        "addr:city": "Karachi",
        "addr:housenumber": "V27F+R4",
        "addr:street": "Suit No 10/5 A, Rimpa Plaza, Muhammad Ali Jinnah Rd, Preedy Quarters",
        "name": "Lashari Law Associates",
        "office": "lawyer",
        "phone": "03049365495"
      },
      "geometry": {
        "type": "Point",
        "coordinates": [
          67.0229903,
          24.8647327
        ]
      },
      "id": "node/12288068499"
    },
    {
      "type": "Feature",
      "properties": {
        "@id": "node/12288115698",
        "addr:city": "Karachi",
        "addr:street": "FL-4/32, Block 5 Gulshan-e-Iqbal",
        "name": "AMY Tax Consultant",
        "office": "lawyer"
      },
      "geometry": {
        "type": "Point",
        "coordinates": [
          67.0946651,
          24.9195847
        ]
      },
      "id": "node/12288115698"
    },
    {
      "type": "Feature",
      "properties": {
        "@id": "node/12288143138",
        "addr:city": "Karachi",
        "addr:housenumber": "V27F+R7",
        "addr:street": "Office No.10/5-B, 10th floor, Rimpa Plaza, Muhammad Ali Jinnah Rd, Saddar Preedy Quarters,",
        "name": "Shams Law Chamber Karachi",
        "office": "lawyer",
        "phone": "03088834868"
      },
      "geometry": {
        "type": "Point",
        "coordinates": [
          67.0235289,
          24.8645358
        ]
      },
      "id": "node/12288143138"
    },
    {
      "type": "Feature",
      "properties": {
        "@id": "node/12288166006",
        "addr:city": "Karachi",
        "addr:housenumber": "V28F+45",
        "addr:street": "International auto parts market, 203 Marston Rd, Preedy Quarters",
        "name": "Mahboob Rizvi Law Associates",
        "office": "lawyer",
        "phone": "03003337442"
      },
      "geometry": {
        "type": "Point",
        "coordinates": [
          67.0229872,
          24.8652471
        ]
      },
      "id": "node/12288166006"
    },
    {
      "type": "Feature",
      "properties": {
        "@id": "node/12289972912",
        "addr:city": "Karachi",
        "addr:street": "Main University Road Saleem Centre Shor 27 28, opp. Urdu Science College, Block 13-C Gulshan-e-Iqbal",
        "name": "Roha Law Associates",
        "office": "lawyer"
      },
      "geometry": {
        "type": "Point",
        "coordinates": [
          67.0914141,
          24.9139999
        ]
      },
      "id": "node/12289972912"
    },
    {
      "type": "Feature",
      "properties": {
        "@id": "node/12293786265",
        "addr:city": "Karachi",
        "addr:street": "404, 4th Floor, Marine Point, Block 9 Clifton,",
        "name": "Set In Motion - Corporate & Legal Services",
        "office": "lawyer"
      },
      "geometry": {
        "type": "Point",
        "coordinates": [
          67.0359542,
          24.8273813
        ]
      },
      "id": "node/12293786265"
    },
    {
      "type": "Feature",
      "properties": {
        "@id": "node/12309187611",
        "amenity": "police"
      },
      "geometry": {
        "type": "Point",
        "coordinates": [
          74.0448207,
          35.1828331
        ]
      },
      "id": "node/12309187611"
    },
    {
      "type": "Feature",
      "properties": {
        "@id": "node/12318147163",
        "addr:city": "Karachi",
        "addr:housenumber": "V257+773",
        "addr:street": ", Muhammad Ali Jinnah Rd, Nanak Wara Nanakwara,",
        "amenity": "police",
        "name": "Aram Bagh Traffic Police karachi"
      },
      "geometry": {
        "type": "Point",
        "coordinates": [
          67.0131687,
          24.8581197
        ]
      },
      "id": "node/12318147163"
    },
    {
      "type": "Feature",
      "properties": {
        "@id": "node/12461520614",
        "addr:city": "Usta Muhammad",
        "addr:postcode": "80300",
        "addr:street": "JINNAH ROAD",
        "amenity": "police",
        "name": "City Police Station"
      },
      "geometry": {
        "type": "Point",
        "coordinates": [
          68.0468218,
          28.179391
        ]
      },
      "id": "node/12461520614"
    },
    {
      "type": "Feature",
      "properties": {
        "@id": "node/12466433768",
        "addr:city": "Usta Muhammad",
        "addr:postcode": "80300",
        "addr:street": "College Road",
        "amenity": "courthouse",
        "name": "Judicial Complex"
      },
      "geometry": {
        "type": "Point",
        "coordinates": [
          68.052043,
          28.1888164
        ]
      },
      "id": "node/12466433768"
    },
    {
      "type": "Feature",
      "properties": {
        "@id": "node/12492906853",
        "amenity": "police"
      },
      "geometry": {
        "type": "Point",
        "coordinates": [
          74.8608365,
          35.3670313
        ]
      },
      "id": "node/12492906853"
    },
    {
      "type": "Feature",
      "properties": {
        "@id": "node/12522306339",
        "addr:city": "Gandakha",
        "addr:postcode": "80400",
        "addr:street": "Gandakha Road",
        "amenity": "police",
        "name": "Police Station Gandakha"
      },
      "geometry": {
        "type": "Point",
        "coordinates": [
          67.8464018,
          28.0115835
        ]
      },
      "id": "node/12522306339"
    },
    {
      "type": "Feature",
      "properties": {
        "@id": "node/12586190058",
        "amenity": "police",
        "name": "Police Station Keti bandar at baghan",
        "operator": "Sindh Police"
      },
      "geometry": {
        "type": "Point",
        "coordinates": [
          67.607885,
          24.2392846
        ]
      },
      "id": "node/12586190058"
    },
    {
      "type": "Feature",
      "properties": {
        "@id": "node/12613375435",
        "addr:city": "Gandakha Habib kot",
        "addr:postcode": "80400",
        "addr:street": "Shahwani Chowki Road",
        "amenity": "police",
        "name": "Shahwani Chowki"
      },
      "geometry": {
        "type": "Point",
        "coordinates": [
          67.8393012,
          28.1677993
        ]
      },
      "id": "node/12613375435"
    },
    {
      "type": "Feature",
      "properties": {
        "@id": "node/12685835620",
        "addr:city": "Usta Muhammad",
        "addr:postcode": "80300",
        "addr:street": "ALI ABAD ROAD",
        "amenity": "police",
        "name": "Saddar Police Station Usta Muhammad"
      },
      "geometry": {
        "type": "Point",
        "coordinates": [
          67.9250832,
          28.1544357
        ]
      },
      "id": "node/12685835620"
    },
    {
      "type": "Feature",
      "properties": {
        "@id": "node/12702935614",
        "addr:city": "Dera Allah Yar",
        "addr:postcode": "80500",
        "addr:street": "Tehsil Road D A Yar",
        "amenity": "courthouse",
        "name": "District & Sessions Court"
      },
      "geometry": {
        "type": "Point",
        "coordinates": [
          68.3439263,
          28.3728254
        ]
      },
      "id": "node/12702935614"
    },
    {
      "type": "Feature",
      "properties": {
        "@id": "node/12703550406",
        "addr:city": "Sohbatpur",
        "addr:postcode": "80600",
        "addr:street": "Sohbatpur Road",
        "amenity": "police",
        "name": "City Police Station, Sohbatpur"
      },
      "geometry": {
        "type": "Point",
        "coordinates": [
          68.5396213,
          28.5148598
        ]
      },
      "id": "node/12703550406"
    },
    {
      "type": "Feature",
      "properties": {
        "@id": "node/12703559850",
        "addr:city": "SohbatPur",
        "addr:postcode": "80300",
        "addr:street": "DCO Road",
        "amenity": "police",
        "name": "S P Office Sohbatpur"
      },
      "geometry": {
        "type": "Point",
        "coordinates": [
          68.5389244,
          28.5195416
        ]
      },
      "id": "node/12703559850"
    },
    {
      "type": "Feature",
      "properties": {
        "@id": "node/12765804697",
        "amenity": "police",
        "name": "DPO Office Hafizabad",
        "operator": "Chicago Police Department",
        "operator:wikidata": "Q1340186"
      },
      "geometry": {
        "type": "Point",
        "coordinates": [
          73.7153635,
          32.0735378
        ]
      },
      "id": "node/12765804697"
    },
    {
      "type": "Feature",
      "properties": {
        "@id": "node/12765876902",
        "amenity": "police",
        "name": "Police Station City Hafizabad"
      },
      "geometry": {
        "type": "Point",
        "coordinates": [
          73.6881219,
          32.0705582
        ]
      },
      "id": "node/12765876902"
    },
    {
      "type": "Feature",
      "properties": {
        "@id": "node/12765880314",
        "amenity": "police",
        "name": "Police Station Sadar Hafizabad"
      },
      "geometry": {
        "type": "Point",
        "coordinates": [
          73.7588953,
          32.0822961
        ]
      },
      "id": "node/12765880314"
    },
    {
      "type": "Feature",
      "properties": {
        "@id": "node/12765889834",
        "amenity": "police",
        "name": "Police Station Vanike Tarar"
      },
      "geometry": {
        "type": "Point",
        "coordinates": [
          73.5825361,
          32.2170243
        ]
      },
      "id": "node/12765889834"
    },
    {
      "type": "Feature",
      "properties": {
        "@id": "node/12817070477",
        "addr:city": "رحیم یار خان",
        "addr:postcode": "64200",
        "addr:street": "شاہی روڈ",
        "amenity": "police",
        "name": "Police Station City A Division",
        "opening_hours": "24/7",
        "operator": "Punjab Police",
        "operator:wikidata": "Q7260282"
      },
      "geometry": {
        "type": "Point",
        "coordinates": [
          70.3089166,
          28.4230615
        ]
      },
      "id": "node/12817070477"
    },
    {
      "type": "Feature",
      "properties": {
        "@id": "node/12950344569",
        "addr:city": "quetta",
        "addr:postcode": "87300",
        "addr:street": "Gulistan Road",
        "amenity": "police",
        "name": "Police Line"
      },
      "geometry": {
        "type": "Point",
        "coordinates": [
          67.0234637,
          30.2000688
        ]
      },
      "id": "node/12950344569"
    },
    {
      "type": "Feature",
      "properties": {
        "@id": "node/12971213624",
        "addr:city": "Gujrat",
        "addr:housenumber": "City Plaza",
        "addr:postcode": "50700",
        "addr:street": "Rehman Shaheed Road",
        "name": "Baru & Friends Lawfirm",
        "office": "lawyer",
        "opening_hours": "Mo-Sa 08:00-18:00",
        "phone": "+923484303862",
        "website": "www.BILS.com"
      },
      "geometry": {
        "type": "Point",
        "coordinates": [
          74.0775249,
          32.5839327
        ]
      },
      "id": "node/12971213624"
    },
    {
      "type": "Feature",
      "properties": {
        "@id": "node/12984927263",
        "addr:city": "Karachi",
        "addr:housenumber": "B-2, Court View",
        "addr:postcode": "74200",
        "addr:street": "Court Road",
        "air_conditioning": "yes",
        "email": "contact@legumlawfirm.co",
        "internet_access": "wlan",
        "internet_access:ssid": "Legum Law Firm (Guest)",
        "name": "Legum Law Firm",
        "name:ur": "لیگم لاء فرم",
        "office": "lawyer",
        "opening_hours": "Mo-Sa 09:00-21:00",
        "phone": "+923366556666",
        "start_date": "1992-06-23",
        "website": "https://legumlawfirm.co",
        "wheelchair": "yes"
      },
      "geometry": {
        "type": "Point",
        "coordinates": [
          67.0218202,
          24.8537618
        ]
      },
      "id": "node/12984927263"
    },
    {
      "type": "Feature",
      "properties": {
        "@id": "node/13058585886",
        "amenity": "police",
        "name": "City Thana Kamalia",
        "operator": "Punjab Police",
        "operator:wikidata": "Q7260282"
      },
      "geometry": {
        "type": "Point",
        "coordinates": [
          72.6530953,
          30.7284877
        ]
      },
      "id": "node/13058585886"
    },
    {
      "type": "Feature",
      "properties": {
        "@id": "node/13200835586",
        "addr:city": "Rawalakot",
        "addr:street": "Baladia Adda - Khrick Chungi Road",
        "amenity": "police",
        "name": "Khrick Police Station",
        "official_name": "Police station",
        "opening_hours": "24/7",
        "operator": "AJK Police"
      },
      "geometry": {
        "type": "Point",
        "coordinates": [
          73.7482129,
          33.8511608
        ]
      },
      "id": "node/13200835586"
    },
    {
      "type": "Feature",
      "properties": {
        "@id": "node/13274059601",
        "amenity": "courthouse",
        "name": "Federal Insurance Ombudsman Regional Office"
      },
      "geometry": {
        "type": "Point",
        "coordinates": [
          72.996806,
          33.6598849
        ]
      },
      "id": "node/13274059601"
    },
    {
      "type": "Feature",
      "properties": {
        "@id": "node/13275345001",
        "addr:street": "Service Road Soutg",
        "amenity": "courthouse",
        "email": "fiokhi01@gmail.com",
        "name": "Federal Insurance Ombudsman Regional Office Islamabad",
        "opening_hours": "Fr 09:00-13:00, 14:30-04:00; Su-Th 09:00-18:00",
        "website": "http://ww.fio.gov.pk"
      },
      "geometry": {
        "type": "Point",
        "coordinates": [
          72.9968225,
          33.6599046
        ]
      },
      "id": "node/13275345001"
    },
    {
      "type": "Feature",
      "properties": {
        "@id": "node/13280888201",
        "addr:housenumber": "197/5",
        "addr:street": "Dr Daud Pota Road",
        "amenity": "courthouse",
        "email": "fiokhi01@gmail.com",
        "name": "Federal Insurance Ombudsman Secretariat Karachi",
        "opening_hours": "Su-Th 09:00-17:00",
        "phone": "(021) 99207760-62",
        "website": "http://www.fio.gov.pk"
      },
      "geometry": {
        "type": "Point",
        "coordinates": [
          67.0377084,
          24.8467786
        ]
      },
      "id": "node/13280888201"
    },
    {
      "type": "Feature",
      "properties": {
        "@id": "node/13282363759",
        "amenity": "courthouse",
        "name": "DBA Kot Addu",
        "official_name": "district bar association Kot Addu",
        "wheelchair": "yes"
      },
      "geometry": {
        "type": "Point",
        "coordinates": [
          71.0176942,
          30.4690851
        ]
      },
      "id": "node/13282363759"
    },
    {
      "type": "Feature",
      "properties": {
        "@id": "node/13282409001",
        "addr:city": "kot addu",
        "addr:place": "Chah Bai Wala",
        "addr:postcode": "34050",
        "email": "adv.ozair@gmail.com",
        "loc_name": "Ozair Chandio",
        "mobile": "+923457006222",
        "name": "Uzair Chandio",
        "name:ur": "عزیر چانڈیو",
        "office": "lawyer",
        "official_name": "Uzair Chandio Lawyer",
        "opening_hours": "24/7",
        "phone": "03457006222"
      },
      "geometry": {
        "type": "Point",
        "coordinates": [
          71.0307825,
          30.4686751
        ]
      },
      "id": "node/13282409001"
    },
    {
      "type": "Feature",
      "properties": {
        "@id": "node/13296213401",
        "amenity": "police",
        "name": "Khushal Ga"
      },
      "geometry": {
        "type": "Point",
        "coordinates": [
          71.9242268,
          33.4797797
        ]
      },
      "id": "node/13296213401"
    }
  ]
}